[2026-08-03 02:24:38,056: INFO/MainProcess] Connected to redis://localhost:6379/0
[2026-08-03 02:24:38,064: INFO/MainProcess] mingle: searching for neighbors
[2026-08-03 02:24:39,098: INFO/MainProcess] mingle: all alone
[2026-08-03 02:24:39,174: INFO/MainProcess] celery@MT ready.
[2026-08-03 02:30:00,053: INFO/MainProcess] Task check_scheduled_cycles[69c05eca-f99b-428a-a3f7-3a5cadc441df] received
[2026-08-03 02:30:00,674: ERROR/MainProcess] Task check_scheduled_cycles[69c05eca-f99b-428a-a3f7-3a5cadc441df] raised unexpected: PermissionError(13, 'Access is denied', None, 5, None)
Traceback (most recent call last):
  File "D:\CrewLab - Copy\backend\venv\Lib\site-packages\celery\app\trace.py", line 585, in trace_task
    R = retval = fun(*args, **kwargs)
                 ^^^^^^^^^^^^^^^^^^^^
  File "D:\CrewLab - Copy\backend\venv\Lib\site-packages\celery\app\trace.py", line 858, in __protected_call__
    return self.run(*args, **kwargs)
           ^^^^^^^^^^^^^^^^^^^^^^^^^
  File "D:\CrewLab - Copy\backend\app\tasks\orchestrator_tasks.py", line 131, in check_scheduled_cycles
    run_async(_run())
  File "D:\CrewLab - Copy\backend\app\tasks\orchestrator_tasks.py", line 39, in run_async
    return loop.run_until_complete(coro)
           ^^^^^^^^^^^^^^^^^^^^^^^^^^^^^
  File "C:\Users\hi\AppData\Local\Programs\Python\Python312\Lib\asyncio\base_events.py", line 691, in run_until_complete
    return future.result()
           ^^^^^^^^^^^^^^^
  File "D:\CrewLab - Copy\backend\app\tasks\orchestrator_tasks.py", line 118, in _run
    result = await session.execute(stmt)
             ^^^^^^^^^^^^^^^^^^^^^^^^^^^
  File "D:\CrewLab - Copy\backend\venv\Lib\site-packages\sqlalchemy\ext\asyncio\session.py", line 448, in execute
    result = await greenlet_spawn(
             ^^^^^^^^^^^^^^^^^^^^^
  File "D:\CrewLab - Copy\backend\venv\Lib\site-packages\sqlalchemy\util\_concurrency_py3k.py", line 201, in greenlet_spawn
    result = context.throw(*sys.exc_info())
             ^^^^^^^^^^^^^^^^^^^^^^^^^^^^^^
  File "D:\CrewLab - Copy\backend\venv\Lib\site-packages\sqlalchemy\orm\session.py", line 2373, in execute
    return self._execute_internal(
           ^^^^^^^^^^^^^^^^^^^^^^^
  File "D:\CrewLab - Copy\backend\venv\Lib\site-packages\sqlalchemy\orm\session.py", line 2261, in _execute_internal
    conn = self._connection_for_bind(bind)
           ^^^^^^^^^^^^^^^^^^^^^^^^^^^^^^^
  File "D:\CrewLab - Copy\backend\venv\Lib\site-packages\sqlalchemy\orm\session.py", line 2113, in _connection_for_bind
    return trans._connection_for_bind(engine, execution_options)
           ^^^^^^^^^^^^^^^^^^^^^^^^^^^^^^^^^^^^^^^^^^^^^^^^^^^^^
  File "<string>", line 2, in _connection_for_bind
  File "D:\CrewLab - Copy\backend\venv\Lib\site-packages\sqlalchemy\orm\state_changes.py", line 137, in _go
    ret_value = fn(self, *arg, **kw)
                ^^^^^^^^^^^^^^^^^^^^
  File "D:\CrewLab - Copy\backend\venv\Lib\site-packages\sqlalchemy\orm\session.py", line 1191, in _connection_for_bind
    conn = bind.connect()
           ^^^^^^^^^^^^^^
  File "D:\CrewLab - Copy\backend\venv\Lib\site-packages\sqlalchemy\engine\base.py", line 3295, in connect
    return self._connection_cls(self)
           ^^^^^^^^^^^^^^^^^^^^^^^^^^
  File "D:\CrewLab - Copy\backend\venv\Lib\site-packages\sqlalchemy\engine\base.py", line 144, in __init__
    self._dbapi_connection = engine.raw_connection()
                             ^^^^^^^^^^^^^^^^^^^^^^^
  File "D:\CrewLab - Copy\backend\venv\Lib\site-packages\sqlalchemy\engine\base.py", line 3319, in raw_connection
    return self.pool.connect()
           ^^^^^^^^^^^^^^^^^^^
  File "D:\CrewLab - Copy\backend\venv\Lib\site-packages\sqlalchemy\pool\base.py", line 448, in connect
    return _ConnectionFairy._checkout(self)
           ^^^^^^^^^^^^^^^^^^^^^^^^^^^^^^^^
  File "D:\CrewLab - Copy\backend\venv\Lib\site-packages\sqlalchemy\pool\base.py", line 1272, in _checkout
    fairy = _ConnectionRecord.checkout(pool)
            ^^^^^^^^^^^^^^^^^^^^^^^^^^^^^^^^
  File "D:\CrewLab - Copy\backend\venv\Lib\site-packages\sqlalchemy\pool\base.py", line 712, in checkout
    rec = pool._do_get()
          ^^^^^^^^^^^^^^
  File "D:\CrewLab - Copy\backend\venv\Lib\site-packages\sqlalchemy\pool\impl.py", line 178, in _do_get
    with util.safe_reraise():
         ^^^^^^^^^^^^^^^^^^^
  File "D:\CrewLab - Copy\backend\venv\Lib\site-packages\sqlalchemy\util\langhelpers.py", line 122, in __exit__
    raise exc_value.with_traceback(exc_tb)
  File "D:\CrewLab - Copy\backend\venv\Lib\site-packages\sqlalchemy\pool\impl.py", line 176, in _do_get
    return self._create_connection()
           ^^^^^^^^^^^^^^^^^^^^^^^^^
  File "D:\CrewLab - Copy\backend\venv\Lib\site-packages\sqlalchemy\pool\base.py", line 389, in _create_connection
    return _ConnectionRecord(self)
           ^^^^^^^^^^^^^^^^^^^^^^^
  File "D:\CrewLab - Copy\backend\venv\Lib\site-packages\sqlalchemy\pool\base.py", line 674, in __init__
    self.__connect()
  File "D:\CrewLab - Copy\backend\venv\Lib\site-packages\sqlalchemy\pool\base.py", line 900, in __connect
    with util.safe_reraise():
         ^^^^^^^^^^^^^^^^^^^
  File "D:\CrewLab - Copy\backend\venv\Lib\site-packages\sqlalchemy\util\langhelpers.py", line 122, in __exit__
    raise exc_value.with_traceback(exc_tb)
  File "D:\CrewLab - Copy\backend\venv\Lib\site-packages\sqlalchemy\pool\base.py", line 896, in __connect
    self.dbapi_connection = connection = pool._invoke_creator(self)
                                         ^^^^^^^^^^^^^^^^^^^^^^^^^^
  File "D:\CrewLab - Copy\backend\venv\Lib\site-packages\sqlalchemy\engine\create.py", line 667, in connect
    return dialect.connect(*cargs_tup, **cparams)
           ^^^^^^^^^^^^^^^^^^^^^^^^^^^^^^^^^^^^^^
  File "D:\CrewLab - Copy\backend\venv\Lib\site-packages\sqlalchemy\engine\default.py", line 630, in connect
    return self.loaded_dbapi.connect(*cargs, **cparams)  # type: ignore[no-any-return]  # NOQA: E501
           ^^^^^^^^^^^^^^^^^^^^^^^^^^^^^^^^^^^^^^^^^^^^
  File "D:\CrewLab - Copy\backend\venv\Lib\site-packages\sqlalchemy\dialects\postgresql\asyncpg.py", line 955, in connect
    await_only(creator_fn(*arg, **kw)),
    ^^^^^^^^^^^^^^^^^^^^^^^^^^^^^^^^^^
  File "D:\CrewLab - Copy\backend\venv\Lib\site-packages\sqlalchemy\util\_concurrency_py3k.py", line 132, in await_only
    return current.parent.switch(awaitable)  # type: ignore[no-any-return,attr-defined] # noqa: E501
           ^^^^^^^^^^^^^^^^^^^^^^^^^^^^^^^^
  File "D:\CrewLab - Copy\backend\venv\Lib\site-packages\sqlalchemy\util\_concurrency_py3k.py", line 196, in greenlet_spawn
    value = await result
            ^^^^^^^^^^^^
  File "D:\CrewLab - Copy\backend\venv\Lib\site-packages\asyncpg\connection.py", line 2443, in connect
    return await connect_utils._connect(
           ^^^^^^^^^^^^^^^^^^^^^^^^^^^^^
  File "D:\CrewLab - Copy\backend\venv\Lib\site-packages\asyncpg\connect_utils.py", line 1249, in _connect
    raise last_error or exceptions.TargetServerAttributeNotMatched(
  File "D:\CrewLab - Copy\backend\venv\Lib\site-packages\asyncpg\connect_utils.py", line 1218, in _connect
    conn = await _connect_addr(
           ^^^^^^^^^^^^^^^^^^^^
  File "D:\CrewLab - Copy\backend\venv\Lib\site-packages\asyncpg\connect_utils.py", line 1054, in _connect_addr
    return await __connect_addr(params, True, *args)
           ^^^^^^^^^^^^^^^^^^^^^^^^^^^^^^^^^^^^^^^^^
  File "D:\CrewLab - Copy\backend\venv\Lib\site-packages\asyncpg\connect_utils.py", line 1099, in __connect_addr
    tr, pr = await connector
             ^^^^^^^^^^^^^^^
  File "D:\CrewLab - Copy\backend\venv\Lib\site-packages\asyncpg\connect_utils.py", line 969, in _create_ssl_connection
    tr, pr = await loop.create_connection(
             ^^^^^^^^^^^^^^^^^^^^^^^^^^^^^
  File "C:\Users\hi\AppData\Local\Programs\Python\Python312\Lib\asyncio\base_events.py", line 1132, in create_connection
    raise exceptions[0]
  File "C:\Users\hi\AppData\Local\Programs\Python\Python312\Lib\asyncio\base_events.py", line 1107, in create_connection
    sock = await self._connect_sock(
           ^^^^^^^^^^^^^^^^^^^^^^^^^
  File "C:\Users\hi\AppData\Local\Programs\Python\Python312\Lib\asyncio\base_events.py", line 1010, in _connect_sock
    await self.sock_connect(sock, address)
  File "C:\Users\hi\AppData\Local\Programs\Python\Python312\Lib\asyncio\proactor_events.py", line 729, in sock_connect
    return await self._proactor.connect(sock, address)
           ^^^^^^^^^^^^^^^^^^^^^^^^^^^^^^^^^^^^^^^^^^^
  File "C:\Users\hi\AppData\Local\Programs\Python\Python312\Lib\asyncio\windows_events.py", line 803, in _poll
    value = callback(transferred, key, ov)
            ^^^^^^^^^^^^^^^^^^^^^^^^^^^^^^
  File "C:\Users\hi\AppData\Local\Programs\Python\Python312\Lib\asyncio\windows_events.py", line 599, in finish_connect
    ov.getresult()
PermissionError: [WinError 5] Access is denied
[2026-08-03 02:45:00,015: INFO/MainProcess] Task check_scheduled_cycles[c8a01f7a-4288-40c1-87fc-746ceb43d6dd] received
[2026-08-03 02:45:00,099: ERROR/MainProcess] Task check_scheduled_cycles[c8a01f7a-4288-40c1-87fc-746ceb43d6dd] raised unexpected: PermissionError(13, 'Access is denied', None, 5, None)
Traceback (most recent call last):
  File "D:\CrewLab - Copy\backend\venv\Lib\site-packages\celery\app\trace.py", line 585, in trace_task
    R = retval = fun(*args, **kwargs)
                 ^^^^^^^^^^^^^^^^^^^^
  File "D:\CrewLab - Copy\backend\venv\Lib\site-packages\celery\app\trace.py", line 858, in __protected_call__
    return self.run(*args, **kwargs)
           ^^^^^^^^^^^^^^^^^^^^^^^^^
  File "D:\CrewLab - Copy\backend\app\tasks\orchestrator_tasks.py", line 131, in check_scheduled_cycles
    run_async(_run())
  File "D:\CrewLab - Copy\backend\app\tasks\orchestrator_tasks.py", line 39, in run_async
    return loop.run_until_complete(coro)
           ^^^^^^^^^^^^^^^^^^^^^^^^^^^^^
  File "C:\Users\hi\AppData\Local\Programs\Python\Python312\Lib\asyncio\base_events.py", line 691, in run_until_complete
    return future.result()
           ^^^^^^^^^^^^^^^
  File "D:\CrewLab - Copy\backend\app\tasks\orchestrator_tasks.py", line 118, in _run
    result = await session.execute(stmt)
             ^^^^^^^^^^^^^^^^^^^^^^^^^^^
  File "D:\CrewLab - Copy\backend\venv\Lib\site-packages\sqlalchemy\ext\asyncio\session.py", line 448, in execute
    result = await greenlet_spawn(
             ^^^^^^^^^^^^^^^^^^^^^
  File "D:\CrewLab - Copy\backend\venv\Lib\site-packages\sqlalchemy\util\_concurrency_py3k.py", line 201, in greenlet_spawn
    result = context.throw(*sys.exc_info())
             ^^^^^^^^^^^^^^^^^^^^^^^^^^^^^^
  File "D:\CrewLab - Copy\backend\venv\Lib\site-packages\sqlalchemy\orm\session.py", line 2373, in execute
    return self._execute_internal(
           ^^^^^^^^^^^^^^^^^^^^^^^
  File "D:\CrewLab - Copy\backend\venv\Lib\site-packages\sqlalchemy\orm\session.py", line 2261, in _execute_internal
    conn = self._connection_for_bind(bind)
           ^^^^^^^^^^^^^^^^^^^^^^^^^^^^^^^
  File "D:\CrewLab - Copy\backend\venv\Lib\site-packages\sqlalchemy\orm\session.py", line 2113, in _connection_for_bind
    return trans._connection_for_bind(engine, execution_options)
           ^^^^^^^^^^^^^^^^^^^^^^^^^^^^^^^^^^^^^^^^^^^^^^^^^^^^^
  File "<string>", line 2, in _connection_for_bind
  File "D:\CrewLab - Copy\backend\venv\Lib\site-packages\sqlalchemy\orm\state_changes.py", line 137, in _go
    ret_value = fn(self, *arg, **kw)
                ^^^^^^^^^^^^^^^^^^^^
  File "D:\CrewLab - Copy\backend\venv\Lib\site-packages\sqlalchemy\orm\session.py", line 1191, in _connection_for_bind
    conn = bind.connect()
           ^^^^^^^^^^^^^^
  File "D:\CrewLab - Copy\backend\venv\Lib\site-packages\sqlalchemy\engine\base.py", line 3295, in connect
    return self._connection_cls(self)
           ^^^^^^^^^^^^^^^^^^^^^^^^^^
  File "D:\CrewLab - Copy\backend\venv\Lib\site-packages\sqlalchemy\engine\base.py", line 144, in __init__
    self._dbapi_connection = engine.raw_connection()
                             ^^^^^^^^^^^^^^^^^^^^^^^
  File "D:\CrewLab - Copy\backend\venv\Lib\site-packages\sqlalchemy\engine\base.py", line 3319, in raw_connection
    return self.pool.connect()
           ^^^^^^^^^^^^^^^^^^^
  File "D:\CrewLab - Copy\backend\venv\Lib\site-packages\sqlalchemy\pool\base.py", line 448, in connect
    return _ConnectionFairy._checkout(self)
           ^^^^^^^^^^^^^^^^^^^^^^^^^^^^^^^^
  File "D:\CrewLab - Copy\backend\venv\Lib\site-packages\sqlalchemy\pool\base.py", line 1272, in _checkout
    fairy = _ConnectionRecord.checkout(pool)
            ^^^^^^^^^^^^^^^^^^^^^^^^^^^^^^^^
  File "D:\CrewLab - Copy\backend\venv\Lib\site-packages\sqlalchemy\pool\base.py", line 712, in checkout
    rec = pool._do_get()
          ^^^^^^^^^^^^^^
  File "D:\CrewLab - Copy\backend\venv\Lib\site-packages\sqlalchemy\pool\impl.py", line 178, in _do_get
    with util.safe_reraise():
         ^^^^^^^^^^^^^^^^^^^
  File "D:\CrewLab - Copy\backend\venv\Lib\site-packages\sqlalchemy\util\langhelpers.py", line 122, in __exit__
    raise exc_value.with_traceback(exc_tb)
  File "D:\CrewLab - Copy\backend\venv\Lib\site-packages\sqlalchemy\pool\impl.py", line 176, in _do_get
    return self._create_connection()
           ^^^^^^^^^^^^^^^^^^^^^^^^^
  File "D:\CrewLab - Copy\backend\venv\Lib\site-packages\sqlalchemy\pool\base.py", line 389, in _create_connection
    return _ConnectionRecord(self)
           ^^^^^^^^^^^^^^^^^^^^^^^
  File "D:\CrewLab - Copy\backend\venv\Lib\site-packages\sqlalchemy\pool\base.py", line 674, in __init__
    self.__connect()
  File "D:\CrewLab - Copy\backend\venv\Lib\site-packages\sqlalchemy\pool\base.py", line 900, in __connect
    with util.safe_reraise():
         ^^^^^^^^^^^^^^^^^^^
  File "D:\CrewLab - Copy\backend\venv\Lib\site-packages\sqlalchemy\util\langhelpers.py", line 122, in __exit__
    raise exc_value.with_traceback(exc_tb)
  File "D:\CrewLab - Copy\backend\venv\Lib\site-packages\sqlalchemy\pool\base.py", line 896, in __connect
    self.dbapi_connection = connection = pool._invoke_creator(self)
                                         ^^^^^^^^^^^^^^^^^^^^^^^^^^
  File "D:\CrewLab - Copy\backend\venv\Lib\site-packages\sqlalchemy\engine\create.py", line 667, in connect
    return dialect.connect(*cargs_tup, **cparams)
           ^^^^^^^^^^^^^^^^^^^^^^^^^^^^^^^^^^^^^^
  File "D:\CrewLab - Copy\backend\venv\Lib\site-packages\sqlalchemy\engine\default.py", line 630, in connect
    return self.loaded_dbapi.connect(*cargs, **cparams)  # type: ignore[no-any-return]  # NOQA: E501
           ^^^^^^^^^^^^^^^^^^^^^^^^^^^^^^^^^^^^^^^^^^^^
  File "D:\CrewLab - Copy\backend\venv\Lib\site-packages\sqlalchemy\dialects\postgresql\asyncpg.py", line 955, in connect
    await_only(creator_fn(*arg, **kw)),
    ^^^^^^^^^^^^^^^^^^^^^^^^^^^^^^^^^^
  File "D:\CrewLab - Copy\backend\venv\Lib\site-packages\sqlalchemy\util\_concurrency_py3k.py", line 132, in await_only
    return current.parent.switch(awaitable)  # type: ignore[no-any-return,attr-defined] # noqa: E501
           ^^^^^^^^^^^^^^^^^^^^^^^^^^^^^^^^
  File "D:\CrewLab - Copy\backend\venv\Lib\site-packages\sqlalchemy\util\_concurrency_py3k.py", line 196, in greenlet_spawn
    value = await result
            ^^^^^^^^^^^^
  File "D:\CrewLab - Copy\backend\venv\Lib\site-packages\asyncpg\connection.py", line 2443, in connect
    return await connect_utils._connect(
           ^^^^^^^^^^^^^^^^^^^^^^^^^^^^^
  File "D:\CrewLab - Copy\backend\venv\Lib\site-packages\asyncpg\connect_utils.py", line 1249, in _connect
    raise last_error or exceptions.TargetServerAttributeNotMatched(
  File "D:\CrewLab - Copy\backend\venv\Lib\site-packages\asyncpg\connect_utils.py", line 1218, in _connect
    conn = await _connect_addr(
           ^^^^^^^^^^^^^^^^^^^^
  File "D:\CrewLab - Copy\backend\venv\Lib\site-packages\asyncpg\connect_utils.py", line 1054, in _connect_addr
    return await __connect_addr(params, True, *args)
           ^^^^^^^^^^^^^^^^^^^^^^^^^^^^^^^^^^^^^^^^^
  File "D:\CrewLab - Copy\backend\venv\Lib\site-packages\asyncpg\connect_utils.py", line 1099, in __connect_addr
    tr, pr = await connector
             ^^^^^^^^^^^^^^^
  File "D:\CrewLab - Copy\backend\venv\Lib\site-packages\asyncpg\connect_utils.py", line 969, in _create_ssl_connection
    tr, pr = await loop.create_connection(
             ^^^^^^^^^^^^^^^^^^^^^^^^^^^^^
  File "C:\Users\hi\AppData\Local\Programs\Python\Python312\Lib\asyncio\base_events.py", line 1132, in create_connection
    raise exceptions[0]
  File "C:\Users\hi\AppData\Local\Programs\Python\Python312\Lib\asyncio\base_events.py", line 1107, in create_connection
    sock = await self._connect_sock(
           ^^^^^^^^^^^^^^^^^^^^^^^^^
  File "C:\Users\hi\AppData\Local\Programs\Python\Python312\Lib\asyncio\base_events.py", line 1010, in _connect_sock
    await self.sock_connect(sock, address)
  File "C:\Users\hi\AppData\Local\Programs\Python\Python312\Lib\asyncio\proactor_events.py", line 729, in sock_connect
    return await self._proactor.connect(sock, address)
           ^^^^^^^^^^^^^^^^^^^^^^^^^^^^^^^^^^^^^^^^^^^
  File "C:\Users\hi\AppData\Local\Programs\Python\Python312\Lib\asyncio\windows_events.py", line 803, in _poll
    value = callback(transferred, key, ov)
            ^^^^^^^^^^^^^^^^^^^^^^^^^^^^^^
  File "C:\Users\hi\AppData\Local\Programs\Python\Python312\Lib\asyncio\windows_events.py", line 599, in finish_connect
    ov.getresult()
PermissionError: [WinError 5] Access is denied
[2026-08-03 03:00:00,012: INFO/MainProcess] Task check_asset_request_expiry[9d8344b6-882f-4b0f-9a86-16febf18997c] received
[2026-08-03 03:00:00,076: ERROR/MainProcess] Task check_asset_request_expiry[9d8344b6-882f-4b0f-9a86-16febf18997c] raised unexpected: PermissionError(13, 'Access is denied', None, 5, None)
Traceback (most recent call last):
  File "D:\CrewLab - Copy\backend\venv\Lib\site-packages\celery\app\trace.py", line 585, in trace_task
    R = retval = fun(*args, **kwargs)
                 ^^^^^^^^^^^^^^^^^^^^
  File "D:\CrewLab - Copy\backend\venv\Lib\site-packages\celery\app\trace.py", line 858, in __protected_call__
    return self.run(*args, **kwargs)
           ^^^^^^^^^^^^^^^^^^^^^^^^^
  File "D:\CrewLab - Copy\backend\app\tasks\orchestrator_tasks.py", line 201, in check_asset_request_expiry
    run_async(_run())
  File "D:\CrewLab - Copy\backend\app\tasks\orchestrator_tasks.py", line 39, in run_async
    return loop.run_until_complete(coro)
           ^^^^^^^^^^^^^^^^^^^^^^^^^^^^^
  File "C:\Users\hi\AppData\Local\Programs\Python\Python312\Lib\asyncio\base_events.py", line 691, in run_until_complete
    return future.result()
           ^^^^^^^^^^^^^^^
  File "D:\CrewLab - Copy\backend\app\tasks\orchestrator_tasks.py", line 199, in _run
    await expire_asset_requests(session)
  File "D:\CrewLab - Copy\backend\app\tasks\orchestrator_tasks.py", line 145, in expire_asset_requests
    requests = (await session.execute(stmt)).scalars().all()
                ^^^^^^^^^^^^^^^^^^^^^^^^^^^
  File "D:\CrewLab - Copy\backend\venv\Lib\site-packages\sqlalchemy\ext\asyncio\session.py", line 448, in execute
    result = await greenlet_spawn(
             ^^^^^^^^^^^^^^^^^^^^^
  File "D:\CrewLab - Copy\backend\venv\Lib\site-packages\sqlalchemy\util\_concurrency_py3k.py", line 201, in greenlet_spawn
    result = context.throw(*sys.exc_info())
             ^^^^^^^^^^^^^^^^^^^^^^^^^^^^^^
  File "D:\CrewLab - Copy\backend\venv\Lib\site-packages\sqlalchemy\orm\session.py", line 2373, in execute
    return self._execute_internal(
           ^^^^^^^^^^^^^^^^^^^^^^^
  File "D:\CrewLab - Copy\backend\venv\Lib\site-packages\sqlalchemy\orm\session.py", line 2261, in _execute_internal
    conn = self._connection_for_bind(bind)
           ^^^^^^^^^^^^^^^^^^^^^^^^^^^^^^^
  File "D:\CrewLab - Copy\backend\venv\Lib\site-packages\sqlalchemy\orm\session.py", line 2113, in _connection_for_bind
    return trans._connection_for_bind(engine, execution_options)
           ^^^^^^^^^^^^^^^^^^^^^^^^^^^^^^^^^^^^^^^^^^^^^^^^^^^^^
  File "<string>", line 2, in _connection_for_bind
  File "D:\CrewLab - Copy\backend\venv\Lib\site-packages\sqlalchemy\orm\state_changes.py", line 137, in _go
    ret_value = fn(self, *arg, **kw)
                ^^^^^^^^^^^^^^^^^^^^
  File "D:\CrewLab - Copy\backend\venv\Lib\site-packages\sqlalchemy\orm\session.py", line 1191, in _connection_for_bind
    conn = bind.connect()
           ^^^^^^^^^^^^^^
  File "D:\CrewLab - Copy\backend\venv\Lib\site-packages\sqlalchemy\engine\base.py", line 3295, in connect
    return self._connection_cls(self)
           ^^^^^^^^^^^^^^^^^^^^^^^^^^
  File "D:\CrewLab - Copy\backend\venv\Lib\site-packages\sqlalchemy\engine\base.py", line 144, in __init__
    self._dbapi_connection = engine.raw_connection()
                             ^^^^^^^^^^^^^^^^^^^^^^^
  File "D:\CrewLab - Copy\backend\venv\Lib\site-packages\sqlalchemy\engine\base.py", line 3319, in raw_connection
    return self.pool.connect()
           ^^^^^^^^^^^^^^^^^^^
  File "D:\CrewLab - Copy\backend\venv\Lib\site-packages\sqlalchemy\pool\base.py", line 448, in connect
    return _ConnectionFairy._checkout(self)
           ^^^^^^^^^^^^^^^^^^^^^^^^^^^^^^^^
  File "D:\CrewLab - Copy\backend\venv\Lib\site-packages\sqlalchemy\pool\base.py", line 1272, in _checkout
    fairy = _ConnectionRecord.checkout(pool)
            ^^^^^^^^^^^^^^^^^^^^^^^^^^^^^^^^
  File "D:\CrewLab - Copy\backend\venv\Lib\site-packages\sqlalchemy\pool\base.py", line 712, in checkout
    rec = pool._do_get()
          ^^^^^^^^^^^^^^
  File "D:\CrewLab - Copy\backend\venv\Lib\site-packages\sqlalchemy\pool\impl.py", line 178, in _do_get
    with util.safe_reraise():
         ^^^^^^^^^^^^^^^^^^^
  File "D:\CrewLab - Copy\backend\venv\Lib\site-packages\sqlalchemy\util\langhelpers.py", line 122, in __exit__
    raise exc_value.with_traceback(exc_tb)
  File "D:\CrewLab - Copy\backend\venv\Lib\site-packages\sqlalchemy\pool\impl.py", line 176, in _do_get
    return self._create_connection()
           ^^^^^^^^^^^^^^^^^^^^^^^^^
  File "D:\CrewLab - Copy\backend\venv\Lib\site-packages\sqlalchemy\pool\base.py", line 389, in _create_connection
    return _ConnectionRecord(self)
           ^^^^^^^^^^^^^^^^^^^^^^^
  File "D:\CrewLab - Copy\backend\venv\Lib\site-packages\sqlalchemy\pool\base.py", line 674, in __init__
    self.__connect()
  File "D:\CrewLab - Copy\backend\venv\Lib\site-packages\sqlalchemy\pool\base.py", line 900, in __connect
    with util.safe_reraise():
         ^^^^^^^^^^^^^^^^^^^
  File "D:\CrewLab - Copy\backend\venv\Lib\site-packages\sqlalchemy\util\langhelpers.py", line 122, in __exit__
    raise exc_value.with_traceback(exc_tb)
  File "D:\CrewLab - Copy\backend\venv\Lib\site-packages\sqlalchemy\pool\base.py", line 896, in __connect
    self.dbapi_connection = connection = pool._invoke_creator(self)
                                         ^^^^^^^^^^^^^^^^^^^^^^^^^^
  File "D:\CrewLab - Copy\backend\venv\Lib\site-packages\sqlalchemy\engine\create.py", line 667, in connect
    return dialect.connect(*cargs_tup, **cparams)
           ^^^^^^^^^^^^^^^^^^^^^^^^^^^^^^^^^^^^^^
  File "D:\CrewLab - Copy\backend\venv\Lib\site-packages\sqlalchemy\engine\default.py", line 630, in connect
    return self.loaded_dbapi.connect(*cargs, **cparams)  # type: ignore[no-any-return]  # NOQA: E501
           ^^^^^^^^^^^^^^^^^^^^^^^^^^^^^^^^^^^^^^^^^^^^
  File "D:\CrewLab - Copy\backend\venv\Lib\site-packages\sqlalchemy\dialects\postgresql\asyncpg.py", line 955, in connect
    await_only(creator_fn(*arg, **kw)),
    ^^^^^^^^^^^^^^^^^^^^^^^^^^^^^^^^^^
  File "D:\CrewLab - Copy\backend\venv\Lib\site-packages\sqlalchemy\util\_concurrency_py3k.py", line 132, in await_only
    return current.parent.switch(awaitable)  # type: ignore[no-any-return,attr-defined] # noqa: E501
           ^^^^^^^^^^^^^^^^^^^^^^^^^^^^^^^^
  File "D:\CrewLab - Copy\backend\venv\Lib\site-packages\sqlalchemy\util\_concurrency_py3k.py", line 196, in greenlet_spawn
    value = await result
            ^^^^^^^^^^^^
  File "D:\CrewLab - Copy\backend\venv\Lib\site-packages\asyncpg\connection.py", line 2443, in connect
    return await connect_utils._connect(
           ^^^^^^^^^^^^^^^^^^^^^^^^^^^^^
  File "D:\CrewLab - Copy\backend\venv\Lib\site-packages\asyncpg\connect_utils.py", line 1249, in _connect
    raise last_error or exceptions.TargetServerAttributeNotMatched(
  File "D:\CrewLab - Copy\backend\venv\Lib\site-packages\asyncpg\connect_utils.py", line 1218, in _connect
    conn = await _connect_addr(
           ^^^^^^^^^^^^^^^^^^^^
  File "D:\CrewLab - Copy\backend\venv\Lib\site-packages\asyncpg\connect_utils.py", line 1054, in _connect_addr
    return await __connect_addr(params, True, *args)
           ^^^^^^^^^^^^^^^^^^^^^^^^^^^^^^^^^^^^^^^^^
  File "D:\CrewLab - Copy\backend\venv\Lib\site-packages\asyncpg\connect_utils.py", line 1099, in __connect_addr
    tr, pr = await connector
             ^^^^^^^^^^^^^^^
  File "D:\CrewLab - Copy\backend\venv\Lib\site-packages\asyncpg\connect_utils.py", line 969, in _create_ssl_connection
    tr, pr = await loop.create_connection(
             ^^^^^^^^^^^^^^^^^^^^^^^^^^^^^
  File "C:\Users\hi\AppData\Local\Programs\Python\Python312\Lib\asyncio\base_events.py", line 1132, in create_connection
    raise exceptions[0]
  File "C:\Users\hi\AppData\Local\Programs\Python\Python312\Lib\asyncio\base_events.py", line 1107, in create_connection
    sock = await self._connect_sock(
           ^^^^^^^^^^^^^^^^^^^^^^^^^
  File "C:\Users\hi\AppData\Local\Programs\Python\Python312\Lib\asyncio\base_events.py", line 1010, in _connect_sock
    await self.sock_connect(sock, address)
  File "C:\Users\hi\AppData\Local\Programs\Python\Python312\Lib\asyncio\proactor_events.py", line 729, in sock_connect
    return await self._proactor.connect(sock, address)
           ^^^^^^^^^^^^^^^^^^^^^^^^^^^^^^^^^^^^^^^^^^^
  File "C:\Users\hi\AppData\Local\Programs\Python\Python312\Lib\asyncio\windows_events.py", line 803, in _poll
    value = callback(transferred, key, ov)
            ^^^^^^^^^^^^^^^^^^^^^^^^^^^^^^
  File "C:\Users\hi\AppData\Local\Programs\Python\Python312\Lib\asyncio\windows_events.py", line 599, in finish_connect
    ov.getresult()
PermissionError: [WinError 5] Access is denied
[2026-08-03 03:00:00,091: INFO/MainProcess] Task check_scheduled_cycles[17023fbb-ee67-45d7-9c6c-4aa58f815020] received
[2026-08-03 03:00:00,112: ERROR/MainProcess] Task check_scheduled_cycles[17023fbb-ee67-45d7-9c6c-4aa58f815020] raised unexpected: PermissionError(13, 'Access is denied', None, 5, None)
Traceback (most recent call last):
  File "D:\CrewLab - Copy\backend\venv\Lib\site-packages\celery\app\trace.py", line 585, in trace_task
    R = retval = fun(*args, **kwargs)
                 ^^^^^^^^^^^^^^^^^^^^
  File "D:\CrewLab - Copy\backend\venv\Lib\site-packages\celery\app\trace.py", line 858, in __protected_call__
    return self.run(*args, **kwargs)
           ^^^^^^^^^^^^^^^^^^^^^^^^^
  File "D:\CrewLab - Copy\backend\app\tasks\orchestrator_tasks.py", line 131, in check_scheduled_cycles
    run_async(_run())
  File "D:\CrewLab - Copy\backend\app\tasks\orchestrator_tasks.py", line 39, in run_async
    return loop.run_until_complete(coro)
           ^^^^^^^^^^^^^^^^^^^^^^^^^^^^^
  File "C:\Users\hi\AppData\Local\Programs\Python\Python312\Lib\asyncio\base_events.py", line 691, in run_until_complete
    return future.result()
           ^^^^^^^^^^^^^^^
  File "D:\CrewLab - Copy\backend\app\tasks\orchestrator_tasks.py", line 118, in _run
    result = await session.execute(stmt)
             ^^^^^^^^^^^^^^^^^^^^^^^^^^^
  File "D:\CrewLab - Copy\backend\venv\Lib\site-packages\sqlalchemy\ext\asyncio\session.py", line 448, in execute
    result = await greenlet_spawn(
             ^^^^^^^^^^^^^^^^^^^^^
  File "D:\CrewLab - Copy\backend\venv\Lib\site-packages\sqlalchemy\util\_concurrency_py3k.py", line 201, in greenlet_spawn
    result = context.throw(*sys.exc_info())
             ^^^^^^^^^^^^^^^^^^^^^^^^^^^^^^
  File "D:\CrewLab - Copy\backend\venv\Lib\site-packages\sqlalchemy\orm\session.py", line 2373, in execute
    return self._execute_internal(
           ^^^^^^^^^^^^^^^^^^^^^^^
  File "D:\CrewLab - Copy\backend\venv\Lib\site-packages\sqlalchemy\orm\session.py", line 2261, in _execute_internal
    conn = self._connection_for_bind(bind)
           ^^^^^^^^^^^^^^^^^^^^^^^^^^^^^^^
  File "D:\CrewLab - Copy\backend\venv\Lib\site-packages\sqlalchemy\orm\session.py", line 2113, in _connection_for_bind
    return trans._connection_for_bind(engine, execution_options)
           ^^^^^^^^^^^^^^^^^^^^^^^^^^^^^^^^^^^^^^^^^^^^^^^^^^^^^
  File "<string>", line 2, in _connection_for_bind
  File "D:\CrewLab - Copy\backend\venv\Lib\site-packages\sqlalchemy\orm\state_changes.py", line 137, in _go
    ret_value = fn(self, *arg, **kw)
                ^^^^^^^^^^^^^^^^^^^^
  File "D:\CrewLab - Copy\backend\venv\Lib\site-packages\sqlalchemy\orm\session.py", line 1191, in _connection_for_bind
    conn = bind.connect()
           ^^^^^^^^^^^^^^
  File "D:\CrewLab - Copy\backend\venv\Lib\site-packages\sqlalchemy\engine\base.py", line 3295, in connect
    return self._connection_cls(self)
           ^^^^^^^^^^^^^^^^^^^^^^^^^^
  File "D:\CrewLab - Copy\backend\venv\Lib\site-packages\sqlalchemy\engine\base.py", line 144, in __init__
    self._dbapi_connection = engine.raw_connection()
                             ^^^^^^^^^^^^^^^^^^^^^^^
  File "D:\CrewLab - Copy\backend\venv\Lib\site-packages\sqlalchemy\engine\base.py", line 3319, in raw_connection
    return self.pool.connect()
           ^^^^^^^^^^^^^^^^^^^
  File "D:\CrewLab - Copy\backend\venv\Lib\site-packages\sqlalchemy\pool\base.py", line 448, in connect
    return _ConnectionFairy._checkout(self)
           ^^^^^^^^^^^^^^^^^^^^^^^^^^^^^^^^
  File "D:\CrewLab - Copy\backend\venv\Lib\site-packages\sqlalchemy\pool\base.py", line 1272, in _checkout
    fairy = _ConnectionRecord.checkout(pool)
            ^^^^^^^^^^^^^^^^^^^^^^^^^^^^^^^^
  File "D:\CrewLab - Copy\backend\venv\Lib\site-packages\sqlalchemy\pool\base.py", line 712, in checkout
    rec = pool._do_get()
          ^^^^^^^^^^^^^^
  File "D:\CrewLab - Copy\backend\venv\Lib\site-packages\sqlalchemy\pool\impl.py", line 178, in _do_get
    with util.safe_reraise():
         ^^^^^^^^^^^^^^^^^^^
  File "D:\CrewLab - Copy\backend\venv\Lib\site-packages\sqlalchemy\util\langhelpers.py", line 122, in __exit__
    raise exc_value.with_traceback(exc_tb)
  File "D:\CrewLab - Copy\backend\venv\Lib\site-packages\sqlalchemy\pool\impl.py", line 176, in _do_get
    return self._create_connection()
           ^^^^^^^^^^^^^^^^^^^^^^^^^
  File "D:\CrewLab - Copy\backend\venv\Lib\site-packages\sqlalchemy\pool\base.py", line 389, in _create_connection
    return _ConnectionRecord(self)
           ^^^^^^^^^^^^^^^^^^^^^^^
  File "D:\CrewLab - Copy\backend\venv\Lib\site-packages\sqlalchemy\pool\base.py", line 674, in __init__
    self.__connect()
  File "D:\CrewLab - Copy\backend\venv\Lib\site-packages\sqlalchemy\pool\base.py", line 900, in __connect
    with util.safe_reraise():
         ^^^^^^^^^^^^^^^^^^^
  File "D:\CrewLab - Copy\backend\venv\Lib\site-packages\sqlalchemy\util\langhelpers.py", line 122, in __exit__
    raise exc_value.with_traceback(exc_tb)
  File "D:\CrewLab - Copy\backend\venv\Lib\site-packages\sqlalchemy\pool\base.py", line 896, in __connect
    self.dbapi_connection = connection = pool._invoke_creator(self)
                                         ^^^^^^^^^^^^^^^^^^^^^^^^^^
  File "D:\CrewLab - Copy\backend\venv\Lib\site-packages\sqlalchemy\engine\create.py", line 667, in connect
    return dialect.connect(*cargs_tup, **cparams)
           ^^^^^^^^^^^^^^^^^^^^^^^^^^^^^^^^^^^^^^
  File "D:\CrewLab - Copy\backend\venv\Lib\site-packages\sqlalchemy\engine\default.py", line 630, in connect
    return self.loaded_dbapi.connect(*cargs, **cparams)  # type: ignore[no-any-return]  # NOQA: E501
           ^^^^^^^^^^^^^^^^^^^^^^^^^^^^^^^^^^^^^^^^^^^^
  File "D:\CrewLab - Copy\backend\venv\Lib\site-packages\sqlalchemy\dialects\postgresql\asyncpg.py", line 955, in connect
    await_only(creator_fn(*arg, **kw)),
    ^^^^^^^^^^^^^^^^^^^^^^^^^^^^^^^^^^
  File "D:\CrewLab - Copy\backend\venv\Lib\site-packages\sqlalchemy\util\_concurrency_py3k.py", line 132, in await_only
    return current.parent.switch(awaitable)  # type: ignore[no-any-return,attr-defined] # noqa: E501
           ^^^^^^^^^^^^^^^^^^^^^^^^^^^^^^^^
  File "D:\CrewLab - Copy\backend\venv\Lib\site-packages\sqlalchemy\util\_concurrency_py3k.py", line 196, in greenlet_spawn
    value = await result
            ^^^^^^^^^^^^
  File "D:\CrewLab - Copy\backend\venv\Lib\site-packages\asyncpg\connection.py", line 2443, in connect
    return await connect_utils._connect(
           ^^^^^^^^^^^^^^^^^^^^^^^^^^^^^
  File "D:\CrewLab - Copy\backend\venv\Lib\site-packages\asyncpg\connect_utils.py", line 1249, in _connect
    raise last_error or exceptions.TargetServerAttributeNotMatched(
  File "D:\CrewLab - Copy\backend\venv\Lib\site-packages\asyncpg\connect_utils.py", line 1218, in _connect
    conn = await _connect_addr(
           ^^^^^^^^^^^^^^^^^^^^
  File "D:\CrewLab - Copy\backend\venv\Lib\site-packages\asyncpg\connect_utils.py", line 1054, in _connect_addr
    return await __connect_addr(params, True, *args)
           ^^^^^^^^^^^^^^^^^^^^^^^^^^^^^^^^^^^^^^^^^
  File "D:\CrewLab - Copy\backend\venv\Lib\site-packages\asyncpg\connect_utils.py", line 1099, in __connect_addr
    tr, pr = await connector
             ^^^^^^^^^^^^^^^
  File "D:\CrewLab - Copy\backend\venv\Lib\site-packages\asyncpg\connect_utils.py", line 969, in _create_ssl_connection
    tr, pr = await loop.create_connection(
             ^^^^^^^^^^^^^^^^^^^^^^^^^^^^^
  File "C:\Users\hi\AppData\Local\Programs\Python\Python312\Lib\asyncio\base_events.py", line 1132, in create_connection
    raise exceptions[0]
  File "C:\Users\hi\AppData\Local\Programs\Python\Python312\Lib\asyncio\base_events.py", line 1107, in create_connection
    sock = await self._connect_sock(
           ^^^^^^^^^^^^^^^^^^^^^^^^^
  File "C:\Users\hi\AppData\Local\Programs\Python\Python312\Lib\asyncio\base_events.py", line 1010, in _connect_sock
    await self.sock_connect(sock, address)
  File "C:\Users\hi\AppData\Local\Programs\Python\Python312\Lib\asyncio\proactor_events.py", line 729, in sock_connect
    return await self._proactor.connect(sock, address)
           ^^^^^^^^^^^^^^^^^^^^^^^^^^^^^^^^^^^^^^^^^^^
  File "C:\Users\hi\AppData\Local\Programs\Python\Python312\Lib\asyncio\windows_events.py", line 803, in _poll
    value = callback(transferred, key, ov)
            ^^^^^^^^^^^^^^^^^^^^^^^^^^^^^^
  File "C:\Users\hi\AppData\Local\Programs\Python\Python312\Lib\asyncio\windows_events.py", line 599, in finish_connect
    ov.getresult()
PermissionError: [WinError 5] Access is denied
[2026-08-03 03:15:00,010: INFO/MainProcess] Task check_scheduled_cycles[946d202f-06c2-42f2-9081-1d58f5855259] received
[2026-08-03 03:15:00,646: ERROR/MainProcess] Task check_scheduled_cycles[946d202f-06c2-42f2-9081-1d58f5855259] raised unexpected: PermissionError(13, 'Access is denied', None, 5, None)
Traceback (most recent call last):
  File "D:\CrewLab - Copy\backend\venv\Lib\site-packages\celery\app\trace.py", line 585, in trace_task
    R = retval = fun(*args, **kwargs)
                 ^^^^^^^^^^^^^^^^^^^^
  File "D:\CrewLab - Copy\backend\venv\Lib\site-packages\celery\app\trace.py", line 858, in __protected_call__
    return self.run(*args, **kwargs)
           ^^^^^^^^^^^^^^^^^^^^^^^^^
  File "D:\CrewLab - Copy\backend\app\tasks\orchestrator_tasks.py", line 131, in check_scheduled_cycles
    run_async(_run())
  File "D:\CrewLab - Copy\backend\app\tasks\orchestrator_tasks.py", line 39, in run_async
    return loop.run_until_complete(coro)
           ^^^^^^^^^^^^^^^^^^^^^^^^^^^^^
  File "C:\Users\hi\AppData\Local\Programs\Python\Python312\Lib\asyncio\base_events.py", line 691, in run_until_complete
    return future.result()
           ^^^^^^^^^^^^^^^
  File "D:\CrewLab - Copy\backend\app\tasks\orchestrator_tasks.py", line 118, in _run
    result = await session.execute(stmt)
             ^^^^^^^^^^^^^^^^^^^^^^^^^^^
  File "D:\CrewLab - Copy\backend\venv\Lib\site-packages\sqlalchemy\ext\asyncio\session.py", line 448, in execute
    result = await greenlet_spawn(
             ^^^^^^^^^^^^^^^^^^^^^
  File "D:\CrewLab - Copy\backend\venv\Lib\site-packages\sqlalchemy\util\_concurrency_py3k.py", line 201, in greenlet_spawn
    result = context.throw(*sys.exc_info())
             ^^^^^^^^^^^^^^^^^^^^^^^^^^^^^^
  File "D:\CrewLab - Copy\backend\venv\Lib\site-packages\sqlalchemy\orm\session.py", line 2373, in execute
    return self._execute_internal(
           ^^^^^^^^^^^^^^^^^^^^^^^
  File "D:\CrewLab - Copy\backend\venv\Lib\site-packages\sqlalchemy\orm\session.py", line 2261, in _execute_internal
    conn = self._connection_for_bind(bind)
           ^^^^^^^^^^^^^^^^^^^^^^^^^^^^^^^
  File "D:\CrewLab - Copy\backend\venv\Lib\site-packages\sqlalchemy\orm\session.py", line 2113, in _connection_for_bind
    return trans._connection_for_bind(engine, execution_options)
           ^^^^^^^^^^^^^^^^^^^^^^^^^^^^^^^^^^^^^^^^^^^^^^^^^^^^^
  File "<string>", line 2, in _connection_for_bind
  File "D:\CrewLab - Copy\backend\venv\Lib\site-packages\sqlalchemy\orm\state_changes.py", line 137, in _go
    ret_value = fn(self, *arg, **kw)
                ^^^^^^^^^^^^^^^^^^^^
  File "D:\CrewLab - Copy\backend\venv\Lib\site-packages\sqlalchemy\orm\session.py", line 1191, in _connection_for_bind
    conn = bind.connect()
           ^^^^^^^^^^^^^^
  File "D:\CrewLab - Copy\backend\venv\Lib\site-packages\sqlalchemy\engine\base.py", line 3295, in connect
    return self._connection_cls(self)
           ^^^^^^^^^^^^^^^^^^^^^^^^^^
  File "D:\CrewLab - Copy\backend\venv\Lib\site-packages\sqlalchemy\engine\base.py", line 144, in __init__
    self._dbapi_connection = engine.raw_connection()
                             ^^^^^^^^^^^^^^^^^^^^^^^
  File "D:\CrewLab - Copy\backend\venv\Lib\site-packages\sqlalchemy\engine\base.py", line 3319, in raw_connection
    return self.pool.connect()
           ^^^^^^^^^^^^^^^^^^^
  File "D:\CrewLab - Copy\backend\venv\Lib\site-packages\sqlalchemy\pool\base.py", line 448, in connect
    return _ConnectionFairy._checkout(self)
           ^^^^^^^^^^^^^^^^^^^^^^^^^^^^^^^^
  File "D:\CrewLab - Copy\backend\venv\Lib\site-packages\sqlalchemy\pool\base.py", line 1272, in _checkout
    fairy = _ConnectionRecord.checkout(pool)
            ^^^^^^^^^^^^^^^^^^^^^^^^^^^^^^^^
  File "D:\CrewLab - Copy\backend\venv\Lib\site-packages\sqlalchemy\pool\base.py", line 712, in checkout
    rec = pool._do_get()
          ^^^^^^^^^^^^^^
  File "D:\CrewLab - Copy\backend\venv\Lib\site-packages\sqlalchemy\pool\impl.py", line 178, in _do_get
    with util.safe_reraise():
         ^^^^^^^^^^^^^^^^^^^
  File "D:\CrewLab - Copy\backend\venv\Lib\site-packages\sqlalchemy\util\langhelpers.py", line 122, in __exit__
    raise exc_value.with_traceback(exc_tb)
  File "D:\CrewLab - Copy\backend\venv\Lib\site-packages\sqlalchemy\pool\impl.py", line 176, in _do_get
    return self._create_connection()
           ^^^^^^^^^^^^^^^^^^^^^^^^^
  File "D:\CrewLab - Copy\backend\venv\Lib\site-packages\sqlalchemy\pool\base.py", line 389, in _create_connection
    return _ConnectionRecord(self)
           ^^^^^^^^^^^^^^^^^^^^^^^
  File "D:\CrewLab - Copy\backend\venv\Lib\site-packages\sqlalchemy\pool\base.py", line 674, in __init__
    self.__connect()
  File "D:\CrewLab - Copy\backend\venv\Lib\site-packages\sqlalchemy\pool\base.py", line 900, in __connect
    with util.safe_reraise():
         ^^^^^^^^^^^^^^^^^^^
  File "D:\CrewLab - Copy\backend\venv\Lib\site-packages\sqlalchemy\util\langhelpers.py", line 122, in __exit__
    raise exc_value.with_traceback(exc_tb)
  File "D:\CrewLab - Copy\backend\venv\Lib\site-packages\sqlalchemy\pool\base.py", line 896, in __connect
    self.dbapi_connection = connection = pool._invoke_creator(self)
                                         ^^^^^^^^^^^^^^^^^^^^^^^^^^
  File "D:\CrewLab - Copy\backend\venv\Lib\site-packages\sqlalchemy\engine\create.py", line 667, in connect
    return dialect.connect(*cargs_tup, **cparams)
           ^^^^^^^^^^^^^^^^^^^^^^^^^^^^^^^^^^^^^^
  File "D:\CrewLab - Copy\backend\venv\Lib\site-packages\sqlalchemy\engine\default.py", line 630, in connect
    return self.loaded_dbapi.connect(*cargs, **cparams)  # type: ignore[no-any-return]  # NOQA: E501
           ^^^^^^^^^^^^^^^^^^^^^^^^^^^^^^^^^^^^^^^^^^^^
  File "D:\CrewLab - Copy\backend\venv\Lib\site-packages\sqlalchemy\dialects\postgresql\asyncpg.py", line 955, in connect
    await_only(creator_fn(*arg, **kw)),
    ^^^^^^^^^^^^^^^^^^^^^^^^^^^^^^^^^^
  File "D:\CrewLab - Copy\backend\venv\Lib\site-packages\sqlalchemy\util\_concurrency_py3k.py", line 132, in await_only
    return current.parent.switch(awaitable)  # type: ignore[no-any-return,attr-defined] # noqa: E501
           ^^^^^^^^^^^^^^^^^^^^^^^^^^^^^^^^
  File "D:\CrewLab - Copy\backend\venv\Lib\site-packages\sqlalchemy\util\_concurrency_py3k.py", line 196, in greenlet_spawn
    value = await result
            ^^^^^^^^^^^^
  File "D:\CrewLab - Copy\backend\venv\Lib\site-packages\asyncpg\connection.py", line 2443, in connect
    return await connect_utils._connect(
           ^^^^^^^^^^^^^^^^^^^^^^^^^^^^^
  File "D:\CrewLab - Copy\backend\venv\Lib\site-packages\asyncpg\connect_utils.py", line 1249, in _connect
    raise last_error or exceptions.TargetServerAttributeNotMatched(
  File "D:\CrewLab - Copy\backend\venv\Lib\site-packages\asyncpg\connect_utils.py", line 1218, in _connect
    conn = await _connect_addr(
           ^^^^^^^^^^^^^^^^^^^^
  File "D:\CrewLab - Copy\backend\venv\Lib\site-packages\asyncpg\connect_utils.py", line 1054, in _connect_addr
    return await __connect_addr(params, True, *args)
           ^^^^^^^^^^^^^^^^^^^^^^^^^^^^^^^^^^^^^^^^^
  File "D:\CrewLab - Copy\backend\venv\Lib\site-packages\asyncpg\connect_utils.py", line 1099, in __connect_addr
    tr, pr = await connector
             ^^^^^^^^^^^^^^^
  File "D:\CrewLab - Copy\backend\venv\Lib\site-packages\asyncpg\connect_utils.py", line 969, in _create_ssl_connection
    tr, pr = await loop.create_connection(
             ^^^^^^^^^^^^^^^^^^^^^^^^^^^^^
  File "C:\Users\hi\AppData\Local\Programs\Python\Python312\Lib\asyncio\base_events.py", line 1132, in create_connection
    raise exceptions[0]
  File "C:\Users\hi\AppData\Local\Programs\Python\Python312\Lib\asyncio\base_events.py", line 1107, in create_connection
    sock = await self._connect_sock(
           ^^^^^^^^^^^^^^^^^^^^^^^^^
  File "C:\Users\hi\AppData\Local\Programs\Python\Python312\Lib\asyncio\base_events.py", line 1010, in _connect_sock
    await self.sock_connect(sock, address)
  File "C:\Users\hi\AppData\Local\Programs\Python\Python312\Lib\asyncio\proactor_events.py", line 729, in sock_connect
    return await self._proactor.connect(sock, address)
           ^^^^^^^^^^^^^^^^^^^^^^^^^^^^^^^^^^^^^^^^^^^
  File "C:\Users\hi\AppData\Local\Programs\Python\Python312\Lib\asyncio\windows_events.py", line 803, in _poll
    value = callback(transferred, key, ov)
            ^^^^^^^^^^^^^^^^^^^^^^^^^^^^^^
  File "C:\Users\hi\AppData\Local\Programs\Python\Python312\Lib\asyncio\windows_events.py", line 599, in finish_connect
    ov.getresult()
PermissionError: [WinError 5] Access is denied
[2026-08-03 03:30:00,014: INFO/MainProcess] Task check_scheduled_cycles[a74bac7f-0d36-437f-824d-ac91ec523c57] received
[2026-08-03 03:30:00,159: ERROR/MainProcess] Task check_scheduled_cycles[a74bac7f-0d36-437f-824d-ac91ec523c57] raised unexpected: PermissionError(13, 'Access is denied', None, 5, None)
Traceback (most recent call last):
  File "D:\CrewLab - Copy\backend\venv\Lib\site-packages\celery\app\trace.py", line 585, in trace_task
    R = retval = fun(*args, **kwargs)
                 ^^^^^^^^^^^^^^^^^^^^
  File "D:\CrewLab - Copy\backend\venv\Lib\site-packages\celery\app\trace.py", line 858, in __protected_call__
    return self.run(*args, **kwargs)
           ^^^^^^^^^^^^^^^^^^^^^^^^^
  File "D:\CrewLab - Copy\backend\app\tasks\orchestrator_tasks.py", line 131, in check_scheduled_cycles
    run_async(_run())
  File "D:\CrewLab - Copy\backend\app\tasks\orchestrator_tasks.py", line 39, in run_async
    return loop.run_until_complete(coro)
           ^^^^^^^^^^^^^^^^^^^^^^^^^^^^^
  File "C:\Users\hi\AppData\Local\Programs\Python\Python312\Lib\asyncio\base_events.py", line 691, in run_until_complete
    return future.result()
           ^^^^^^^^^^^^^^^
  File "D:\CrewLab - Copy\backend\app\tasks\orchestrator_tasks.py", line 118, in _run
    result = await session.execute(stmt)
             ^^^^^^^^^^^^^^^^^^^^^^^^^^^
  File "D:\CrewLab - Copy\backend\venv\Lib\site-packages\sqlalchemy\ext\asyncio\session.py", line 448, in execute
    result = await greenlet_spawn(
             ^^^^^^^^^^^^^^^^^^^^^
  File "D:\CrewLab - Copy\backend\venv\Lib\site-packages\sqlalchemy\util\_concurrency_py3k.py", line 201, in greenlet_spawn
    result = context.throw(*sys.exc_info())
             ^^^^^^^^^^^^^^^^^^^^^^^^^^^^^^
  File "D:\CrewLab - Copy\backend\venv\Lib\site-packages\sqlalchemy\orm\session.py", line 2373, in execute
    return self._execute_internal(
           ^^^^^^^^^^^^^^^^^^^^^^^
  File "D:\CrewLab - Copy\backend\venv\Lib\site-packages\sqlalchemy\orm\session.py", line 2261, in _execute_internal
    conn = self._connection_for_bind(bind)
           ^^^^^^^^^^^^^^^^^^^^^^^^^^^^^^^
  File "D:\CrewLab - Copy\backend\venv\Lib\site-packages\sqlalchemy\orm\session.py", line 2113, in _connection_for_bind
    return trans._connection_for_bind(engine, execution_options)
           ^^^^^^^^^^^^^^^^^^^^^^^^^^^^^^^^^^^^^^^^^^^^^^^^^^^^^
  File "<string>", line 2, in _connection_for_bind
  File "D:\CrewLab - Copy\backend\venv\Lib\site-packages\sqlalchemy\orm\state_changes.py", line 137, in _go
    ret_value = fn(self, *arg, **kw)
                ^^^^^^^^^^^^^^^^^^^^
  File "D:\CrewLab - Copy\backend\venv\Lib\site-packages\sqlalchemy\orm\session.py", line 1191, in _connection_for_bind
    conn = bind.connect()
           ^^^^^^^^^^^^^^
  File "D:\CrewLab - Copy\backend\venv\Lib\site-packages\sqlalchemy\engine\base.py", line 3295, in connect
    return self._connection_cls(self)
           ^^^^^^^^^^^^^^^^^^^^^^^^^^
  File "D:\CrewLab - Copy\backend\venv\Lib\site-packages\sqlalchemy\engine\base.py", line 144, in __init__
    self._dbapi_connection = engine.raw_connection()
                             ^^^^^^^^^^^^^^^^^^^^^^^
  File "D:\CrewLab - Copy\backend\venv\Lib\site-packages\sqlalchemy\engine\base.py", line 3319, in raw_connection
    return self.pool.connect()
           ^^^^^^^^^^^^^^^^^^^
  File "D:\CrewLab - Copy\backend\venv\Lib\site-packages\sqlalchemy\pool\base.py", line 448, in connect
    return _ConnectionFairy._checkout(self)
           ^^^^^^^^^^^^^^^^^^^^^^^^^^^^^^^^
  File "D:\CrewLab - Copy\backend\venv\Lib\site-packages\sqlalchemy\pool\base.py", line 1272, in _checkout
    fairy = _ConnectionRecord.checkout(pool)
            ^^^^^^^^^^^^^^^^^^^^^^^^^^^^^^^^
  File "D:\CrewLab - Copy\backend\venv\Lib\site-packages\sqlalchemy\pool\base.py", line 712, in checkout
    rec = pool._do_get()
          ^^^^^^^^^^^^^^
  File "D:\CrewLab - Copy\backend\venv\Lib\site-packages\sqlalchemy\pool\impl.py", line 178, in _do_get
    with util.safe_reraise():
         ^^^^^^^^^^^^^^^^^^^
  File "D:\CrewLab - Copy\backend\venv\Lib\site-packages\sqlalchemy\util\langhelpers.py", line 122, in __exit__
    raise exc_value.with_traceback(exc_tb)
  File "D:\CrewLab - Copy\backend\venv\Lib\site-packages\sqlalchemy\pool\impl.py", line 176, in _do_get
    return self._create_connection()
           ^^^^^^^^^^^^^^^^^^^^^^^^^
  File "D:\CrewLab - Copy\backend\venv\Lib\site-packages\sqlalchemy\pool\base.py", line 389, in _create_connection
    return _ConnectionRecord(self)
           ^^^^^^^^^^^^^^^^^^^^^^^
  File "D:\CrewLab - Copy\backend\venv\Lib\site-packages\sqlalchemy\pool\base.py", line 674, in __init__
    self.__connect()
  File "D:\CrewLab - Copy\backend\venv\Lib\site-packages\sqlalchemy\pool\base.py", line 900, in __connect
    with util.safe_reraise():
         ^^^^^^^^^^^^^^^^^^^
  File "D:\CrewLab - Copy\backend\venv\Lib\site-packages\sqlalchemy\util\langhelpers.py", line 122, in __exit__
    raise exc_value.with_traceback(exc_tb)
  File "D:\CrewLab - Copy\backend\venv\Lib\site-packages\sqlalchemy\pool\base.py", line 896, in __connect
    self.dbapi_connection = connection = pool._invoke_creator(self)
                                         ^^^^^^^^^^^^^^^^^^^^^^^^^^
  File "D:\CrewLab - Copy\backend\venv\Lib\site-packages\sqlalchemy\engine\create.py", line 667, in connect
    return dialect.connect(*cargs_tup, **cparams)
           ^^^^^^^^^^^^^^^^^^^^^^^^^^^^^^^^^^^^^^
  File "D:\CrewLab - Copy\backend\venv\Lib\site-packages\sqlalchemy\engine\default.py", line 630, in connect
    return self.loaded_dbapi.connect(*cargs, **cparams)  # type: ignore[no-any-return]  # NOQA: E501
           ^^^^^^^^^^^^^^^^^^^^^^^^^^^^^^^^^^^^^^^^^^^^
  File "D:\CrewLab - Copy\backend\venv\Lib\site-packages\sqlalchemy\dialects\postgresql\asyncpg.py", line 955, in connect
    await_only(creator_fn(*arg, **kw)),
    ^^^^^^^^^^^^^^^^^^^^^^^^^^^^^^^^^^
  File "D:\CrewLab - Copy\backend\venv\Lib\site-packages\sqlalchemy\util\_concurrency_py3k.py", line 132, in await_only
    return current.parent.switch(awaitable)  # type: ignore[no-any-return,attr-defined] # noqa: E501
           ^^^^^^^^^^^^^^^^^^^^^^^^^^^^^^^^
  File "D:\CrewLab - Copy\backend\venv\Lib\site-packages\sqlalchemy\util\_concurrency_py3k.py", line 196, in greenlet_spawn
    value = await result
            ^^^^^^^^^^^^
  File "D:\CrewLab - Copy\backend\venv\Lib\site-packages\asyncpg\connection.py", line 2443, in connect
    return await connect_utils._connect(
           ^^^^^^^^^^^^^^^^^^^^^^^^^^^^^
  File "D:\CrewLab - Copy\backend\venv\Lib\site-packages\asyncpg\connect_utils.py", line 1249, in _connect
    raise last_error or exceptions.TargetServerAttributeNotMatched(
  File "D:\CrewLab - Copy\backend\venv\Lib\site-packages\asyncpg\connect_utils.py", line 1218, in _connect
    conn = await _connect_addr(
           ^^^^^^^^^^^^^^^^^^^^
  File "D:\CrewLab - Copy\backend\venv\Lib\site-packages\asyncpg\connect_utils.py", line 1054, in _connect_addr
    return await __connect_addr(params, True, *args)
           ^^^^^^^^^^^^^^^^^^^^^^^^^^^^^^^^^^^^^^^^^
  File "D:\CrewLab - Copy\backend\venv\Lib\site-packages\asyncpg\connect_utils.py", line 1099, in __connect_addr
    tr, pr = await connector
             ^^^^^^^^^^^^^^^
  File "D:\CrewLab - Copy\backend\venv\Lib\site-packages\asyncpg\connect_utils.py", line 969, in _create_ssl_connection
    tr, pr = await loop.create_connection(
             ^^^^^^^^^^^^^^^^^^^^^^^^^^^^^
  File "C:\Users\hi\AppData\Local\Programs\Python\Python312\Lib\asyncio\base_events.py", line 1132, in create_connection
    raise exceptions[0]
  File "C:\Users\hi\AppData\Local\Programs\Python\Python312\Lib\asyncio\base_events.py", line 1107, in create_connection
    sock = await self._connect_sock(
           ^^^^^^^^^^^^^^^^^^^^^^^^^
  File "C:\Users\hi\AppData\Local\Programs\Python\Python312\Lib\asyncio\base_events.py", line 1010, in _connect_sock
    await self.sock_connect(sock, address)
  File "C:\Users\hi\AppData\Local\Programs\Python\Python312\Lib\asyncio\proactor_events.py", line 729, in sock_connect
    return await self._proactor.connect(sock, address)
           ^^^^^^^^^^^^^^^^^^^^^^^^^^^^^^^^^^^^^^^^^^^
  File "C:\Users\hi\AppData\Local\Programs\Python\Python312\Lib\asyncio\windows_events.py", line 803, in _poll
    value = callback(transferred, key, ov)
            ^^^^^^^^^^^^^^^^^^^^^^^^^^^^^^
  File "C:\Users\hi\AppData\Local\Programs\Python\Python312\Lib\asyncio\windows_events.py", line 599, in finish_connect
    ov.getresult()
PermissionError: [WinError 5] Access is denied
[2026-08-03 03:45:00,010: INFO/MainProcess] Task check_scheduled_cycles[c238649a-e3a9-4eb3-a40d-7d9656286258] received
[2026-08-03 03:45:00,081: ERROR/MainProcess] Task check_scheduled_cycles[c238649a-e3a9-4eb3-a40d-7d9656286258] raised unexpected: PermissionError(13, 'Access is denied', None, 5, None)
Traceback (most recent call last):
  File "D:\CrewLab - Copy\backend\venv\Lib\site-packages\celery\app\trace.py", line 585, in trace_task
    R = retval = fun(*args, **kwargs)
                 ^^^^^^^^^^^^^^^^^^^^
  File "D:\CrewLab - Copy\backend\venv\Lib\site-packages\celery\app\trace.py", line 858, in __protected_call__
    return self.run(*args, **kwargs)
           ^^^^^^^^^^^^^^^^^^^^^^^^^
  File "D:\CrewLab - Copy\backend\app\tasks\orchestrator_tasks.py", line 131, in check_scheduled_cycles
    run_async(_run())
  File "D:\CrewLab - Copy\backend\app\tasks\orchestrator_tasks.py", line 39, in run_async
    return loop.run_until_complete(coro)
           ^^^^^^^^^^^^^^^^^^^^^^^^^^^^^
  File "C:\Users\hi\AppData\Local\Programs\Python\Python312\Lib\asyncio\base_events.py", line 691, in run_until_complete
    return future.result()
           ^^^^^^^^^^^^^^^
  File "D:\CrewLab - Copy\backend\app\tasks\orchestrator_tasks.py", line 118, in _run
    result = await session.execute(stmt)
             ^^^^^^^^^^^^^^^^^^^^^^^^^^^
  File "D:\CrewLab - Copy\backend\venv\Lib\site-packages\sqlalchemy\ext\asyncio\session.py", line 448, in execute
    result = await greenlet_spawn(
             ^^^^^^^^^^^^^^^^^^^^^
  File "D:\CrewLab - Copy\backend\venv\Lib\site-packages\sqlalchemy\util\_concurrency_py3k.py", line 201, in greenlet_spawn
    result = context.throw(*sys.exc_info())
             ^^^^^^^^^^^^^^^^^^^^^^^^^^^^^^
  File "D:\CrewLab - Copy\backend\venv\Lib\site-packages\sqlalchemy\orm\session.py", line 2373, in execute
    return self._execute_internal(
           ^^^^^^^^^^^^^^^^^^^^^^^
  File "D:\CrewLab - Copy\backend\venv\Lib\site-packages\sqlalchemy\orm\session.py", line 2261, in _execute_internal
    conn = self._connection_for_bind(bind)
           ^^^^^^^^^^^^^^^^^^^^^^^^^^^^^^^
  File "D:\CrewLab - Copy\backend\venv\Lib\site-packages\sqlalchemy\orm\session.py", line 2113, in _connection_for_bind
    return trans._connection_for_bind(engine, execution_options)
           ^^^^^^^^^^^^^^^^^^^^^^^^^^^^^^^^^^^^^^^^^^^^^^^^^^^^^
  File "<string>", line 2, in _connection_for_bind
  File "D:\CrewLab - Copy\backend\venv\Lib\site-packages\sqlalchemy\orm\state_changes.py", line 137, in _go
    ret_value = fn(self, *arg, **kw)
                ^^^^^^^^^^^^^^^^^^^^
  File "D:\CrewLab - Copy\backend\venv\Lib\site-packages\sqlalchemy\orm\session.py", line 1191, in _connection_for_bind
    conn = bind.connect()
           ^^^^^^^^^^^^^^
  File "D:\CrewLab - Copy\backend\venv\Lib\site-packages\sqlalchemy\engine\base.py", line 3295, in connect
    return self._connection_cls(self)
           ^^^^^^^^^^^^^^^^^^^^^^^^^^
  File "D:\CrewLab - Copy\backend\venv\Lib\site-packages\sqlalchemy\engine\base.py", line 144, in __init__
    self._dbapi_connection = engine.raw_connection()
                             ^^^^^^^^^^^^^^^^^^^^^^^
  File "D:\CrewLab - Copy\backend\venv\Lib\site-packages\sqlalchemy\engine\base.py", line 3319, in raw_connection
    return self.pool.connect()
           ^^^^^^^^^^^^^^^^^^^
  File "D:\CrewLab - Copy\backend\venv\Lib\site-packages\sqlalchemy\pool\base.py", line 448, in connect
    return _ConnectionFairy._checkout(self)
           ^^^^^^^^^^^^^^^^^^^^^^^^^^^^^^^^
  File "D:\CrewLab - Copy\backend\venv\Lib\site-packages\sqlalchemy\pool\base.py", line 1272, in _checkout
    fairy = _ConnectionRecord.checkout(pool)
            ^^^^^^^^^^^^^^^^^^^^^^^^^^^^^^^^
  File "D:\CrewLab - Copy\backend\venv\Lib\site-packages\sqlalchemy\pool\base.py", line 712, in checkout
    rec = pool._do_get()
          ^^^^^^^^^^^^^^
  File "D:\CrewLab - Copy\backend\venv\Lib\site-packages\sqlalchemy\pool\impl.py", line 178, in _do_get
    with util.safe_reraise():
         ^^^^^^^^^^^^^^^^^^^
  File "D:\CrewLab - Copy\backend\venv\Lib\site-packages\sqlalchemy\util\langhelpers.py", line 122, in __exit__
    raise exc_value.with_traceback(exc_tb)
  File "D:\CrewLab - Copy\backend\venv\Lib\site-packages\sqlalchemy\pool\impl.py", line 176, in _do_get
    return self._create_connection()
           ^^^^^^^^^^^^^^^^^^^^^^^^^
  File "D:\CrewLab - Copy\backend\venv\Lib\site-packages\sqlalchemy\pool\base.py", line 389, in _create_connection
    return _ConnectionRecord(self)
           ^^^^^^^^^^^^^^^^^^^^^^^
  File "D:\CrewLab - Copy\backend\venv\Lib\site-packages\sqlalchemy\pool\base.py", line 674, in __init__
    self.__connect()
  File "D:\CrewLab - Copy\backend\venv\Lib\site-packages\sqlalchemy\pool\base.py", line 900, in __connect
    with util.safe_reraise():
         ^^^^^^^^^^^^^^^^^^^
  File "D:\CrewLab - Copy\backend\venv\Lib\site-packages\sqlalchemy\util\langhelpers.py", line 122, in __exit__
    raise exc_value.with_traceback(exc_tb)
  File "D:\CrewLab - Copy\backend\venv\Lib\site-packages\sqlalchemy\pool\base.py", line 896, in __connect
    self.dbapi_connection = connection = pool._invoke_creator(self)
                                         ^^^^^^^^^^^^^^^^^^^^^^^^^^
  File "D:\CrewLab - Copy\backend\venv\Lib\site-packages\sqlalchemy\engine\create.py", line 667, in connect
    return dialect.connect(*cargs_tup, **cparams)
           ^^^^^^^^^^^^^^^^^^^^^^^^^^^^^^^^^^^^^^
  File "D:\CrewLab - Copy\backend\venv\Lib\site-packages\sqlalchemy\engine\default.py", line 630, in connect
    return self.loaded_dbapi.connect(*cargs, **cparams)  # type: ignore[no-any-return]  # NOQA: E501
           ^^^^^^^^^^^^^^^^^^^^^^^^^^^^^^^^^^^^^^^^^^^^
  File "D:\CrewLab - Copy\backend\venv\Lib\site-packages\sqlalchemy\dialects\postgresql\asyncpg.py", line 955, in connect
    await_only(creator_fn(*arg, **kw)),
    ^^^^^^^^^^^^^^^^^^^^^^^^^^^^^^^^^^
  File "D:\CrewLab - Copy\backend\venv\Lib\site-packages\sqlalchemy\util\_concurrency_py3k.py", line 132, in await_only
    return current.parent.switch(awaitable)  # type: ignore[no-any-return,attr-defined] # noqa: E501
           ^^^^^^^^^^^^^^^^^^^^^^^^^^^^^^^^
  File "D:\CrewLab - Copy\backend\venv\Lib\site-packages\sqlalchemy\util\_concurrency_py3k.py", line 196, in greenlet_spawn
    value = await result
            ^^^^^^^^^^^^
  File "D:\CrewLab - Copy\backend\venv\Lib\site-packages\asyncpg\connection.py", line 2443, in connect
    return await connect_utils._connect(
           ^^^^^^^^^^^^^^^^^^^^^^^^^^^^^
  File "D:\CrewLab - Copy\backend\venv\Lib\site-packages\asyncpg\connect_utils.py", line 1249, in _connect
    raise last_error or exceptions.TargetServerAttributeNotMatched(
  File "D:\CrewLab - Copy\backend\venv\Lib\site-packages\asyncpg\connect_utils.py", line 1218, in _connect
    conn = await _connect_addr(
           ^^^^^^^^^^^^^^^^^^^^
  File "D:\CrewLab - Copy\backend\venv\Lib\site-packages\asyncpg\connect_utils.py", line 1054, in _connect_addr
    return await __connect_addr(params, True, *args)
           ^^^^^^^^^^^^^^^^^^^^^^^^^^^^^^^^^^^^^^^^^
  File "D:\CrewLab - Copy\backend\venv\Lib\site-packages\asyncpg\connect_utils.py", line 1099, in __connect_addr
    tr, pr = await connector
             ^^^^^^^^^^^^^^^
  File "D:\CrewLab - Copy\backend\venv\Lib\site-packages\asyncpg\connect_utils.py", line 969, in _create_ssl_connection
    tr, pr = await loop.create_connection(
             ^^^^^^^^^^^^^^^^^^^^^^^^^^^^^
  File "C:\Users\hi\AppData\Local\Programs\Python\Python312\Lib\asyncio\base_events.py", line 1132, in create_connection
    raise exceptions[0]
  File "C:\Users\hi\AppData\Local\Programs\Python\Python312\Lib\asyncio\base_events.py", line 1107, in create_connection
    sock = await self._connect_sock(
           ^^^^^^^^^^^^^^^^^^^^^^^^^
  File "C:\Users\hi\AppData\Local\Programs\Python\Python312\Lib\asyncio\base_events.py", line 1010, in _connect_sock
    await self.sock_connect(sock, address)
  File "C:\Users\hi\AppData\Local\Programs\Python\Python312\Lib\asyncio\proactor_events.py", line 729, in sock_connect
    return await self._proactor.connect(sock, address)
           ^^^^^^^^^^^^^^^^^^^^^^^^^^^^^^^^^^^^^^^^^^^
  File "C:\Users\hi\AppData\Local\Programs\Python\Python312\Lib\asyncio\windows_events.py", line 803, in _poll
    value = callback(transferred, key, ov)
            ^^^^^^^^^^^^^^^^^^^^^^^^^^^^^^
  File "C:\Users\hi\AppData\Local\Programs\Python\Python312\Lib\asyncio\windows_events.py", line 599, in finish_connect
    ov.getresult()
PermissionError: [WinError 5] Access is denied
[2026-08-03 04:00:00,005: INFO/MainProcess] Task check_scheduled_cycles[65332c78-f589-4288-8117-63872f55cb6b] received
[2026-08-03 04:00:00,081: ERROR/MainProcess] Task check_scheduled_cycles[65332c78-f589-4288-8117-63872f55cb6b] raised unexpected: PermissionError(13, 'Access is denied', None, 5, None)
Traceback (most recent call last):
  File "D:\CrewLab - Copy\backend\venv\Lib\site-packages\celery\app\trace.py", line 585, in trace_task
    R = retval = fun(*args, **kwargs)
                 ^^^^^^^^^^^^^^^^^^^^
  File "D:\CrewLab - Copy\backend\venv\Lib\site-packages\celery\app\trace.py", line 858, in __protected_call__
    return self.run(*args, **kwargs)
           ^^^^^^^^^^^^^^^^^^^^^^^^^
  File "D:\CrewLab - Copy\backend\app\tasks\orchestrator_tasks.py", line 131, in check_scheduled_cycles
    run_async(_run())
  File "D:\CrewLab - Copy\backend\app\tasks\orchestrator_tasks.py", line 39, in run_async
    return loop.run_until_complete(coro)
           ^^^^^^^^^^^^^^^^^^^^^^^^^^^^^
  File "C:\Users\hi\AppData\Local\Programs\Python\Python312\Lib\asyncio\base_events.py", line 691, in run_until_complete
    return future.result()
           ^^^^^^^^^^^^^^^
  File "D:\CrewLab - Copy\backend\app\tasks\orchestrator_tasks.py", line 118, in _run
    result = await session.execute(stmt)
             ^^^^^^^^^^^^^^^^^^^^^^^^^^^
  File "D:\CrewLab - Copy\backend\venv\Lib\site-packages\sqlalchemy\ext\asyncio\session.py", line 448, in execute
    result = await greenlet_spawn(
             ^^^^^^^^^^^^^^^^^^^^^
  File "D:\CrewLab - Copy\backend\venv\Lib\site-packages\sqlalchemy\util\_concurrency_py3k.py", line 201, in greenlet_spawn
    result = context.throw(*sys.exc_info())
             ^^^^^^^^^^^^^^^^^^^^^^^^^^^^^^
  File "D:\CrewLab - Copy\backend\venv\Lib\site-packages\sqlalchemy\orm\session.py", line 2373, in execute
    return self._execute_internal(
           ^^^^^^^^^^^^^^^^^^^^^^^
  File "D:\CrewLab - Copy\backend\venv\Lib\site-packages\sqlalchemy\orm\session.py", line 2261, in _execute_internal
    conn = self._connection_for_bind(bind)
           ^^^^^^^^^^^^^^^^^^^^^^^^^^^^^^^
  File "D:\CrewLab - Copy\backend\venv\Lib\site-packages\sqlalchemy\orm\session.py", line 2113, in _connection_for_bind
    return trans._connection_for_bind(engine, execution_options)
           ^^^^^^^^^^^^^^^^^^^^^^^^^^^^^^^^^^^^^^^^^^^^^^^^^^^^^
  File "<string>", line 2, in _connection_for_bind
  File "D:\CrewLab - Copy\backend\venv\Lib\site-packages\sqlalchemy\orm\state_changes.py", line 137, in _go
    ret_value = fn(self, *arg, **kw)
                ^^^^^^^^^^^^^^^^^^^^
  File "D:\CrewLab - Copy\backend\venv\Lib\site-packages\sqlalchemy\orm\session.py", line 1191, in _connection_for_bind
    conn = bind.connect()
           ^^^^^^^^^^^^^^
  File "D:\CrewLab - Copy\backend\venv\Lib\site-packages\sqlalchemy\engine\base.py", line 3295, in connect
    return self._connection_cls(self)
           ^^^^^^^^^^^^^^^^^^^^^^^^^^
  File "D:\CrewLab - Copy\backend\venv\Lib\site-packages\sqlalchemy\engine\base.py", line 144, in __init__
    self._dbapi_connection = engine.raw_connection()
                             ^^^^^^^^^^^^^^^^^^^^^^^
  File "D:\CrewLab - Copy\backend\venv\Lib\site-packages\sqlalchemy\engine\base.py", line 3319, in raw_connection
    return self.pool.connect()
           ^^^^^^^^^^^^^^^^^^^
  File "D:\CrewLab - Copy\backend\venv\Lib\site-packages\sqlalchemy\pool\base.py", line 448, in connect
    return _ConnectionFairy._checkout(self)
           ^^^^^^^^^^^^^^^^^^^^^^^^^^^^^^^^
  File "D:\CrewLab - Copy\backend\venv\Lib\site-packages\sqlalchemy\pool\base.py", line 1272, in _checkout
    fairy = _ConnectionRecord.checkout(pool)
            ^^^^^^^^^^^^^^^^^^^^^^^^^^^^^^^^
  File "D:\CrewLab - Copy\backend\venv\Lib\site-packages\sqlalchemy\pool\base.py", line 712, in checkout
    rec = pool._do_get()
          ^^^^^^^^^^^^^^
  File "D:\CrewLab - Copy\backend\venv\Lib\site-packages\sqlalchemy\pool\impl.py", line 178, in _do_get
    with util.safe_reraise():
         ^^^^^^^^^^^^^^^^^^^
  File "D:\CrewLab - Copy\backend\venv\Lib\site-packages\sqlalchemy\util\langhelpers.py", line 122, in __exit__
    raise exc_value.with_traceback(exc_tb)
  File "D:\CrewLab - Copy\backend\venv\Lib\site-packages\sqlalchemy\pool\impl.py", line 176, in _do_get
    return self._create_connection()
           ^^^^^^^^^^^^^^^^^^^^^^^^^
  File "D:\CrewLab - Copy\backend\venv\Lib\site-packages\sqlalchemy\pool\base.py", line 389, in _create_connection
    return _ConnectionRecord(self)
           ^^^^^^^^^^^^^^^^^^^^^^^
  File "D:\CrewLab - Copy\backend\venv\Lib\site-packages\sqlalchemy\pool\base.py", line 674, in __init__
    self.__connect()
  File "D:\CrewLab - Copy\backend\venv\Lib\site-packages\sqlalchemy\pool\base.py", line 900, in __connect
    with util.safe_reraise():
         ^^^^^^^^^^^^^^^^^^^
  File "D:\CrewLab - Copy\backend\venv\Lib\site-packages\sqlalchemy\util\langhelpers.py", line 122, in __exit__
    raise exc_value.with_traceback(exc_tb)
  File "D:\CrewLab - Copy\backend\venv\Lib\site-packages\sqlalchemy\pool\base.py", line 896, in __connect
    self.dbapi_connection = connection = pool._invoke_creator(self)
                                         ^^^^^^^^^^^^^^^^^^^^^^^^^^
  File "D:\CrewLab - Copy\backend\venv\Lib\site-packages\sqlalchemy\engine\create.py", line 667, in connect
    return dialect.connect(*cargs_tup, **cparams)
           ^^^^^^^^^^^^^^^^^^^^^^^^^^^^^^^^^^^^^^
  File "D:\CrewLab - Copy\backend\venv\Lib\site-packages\sqlalchemy\engine\default.py", line 630, in connect
    return self.loaded_dbapi.connect(*cargs, **cparams)  # type: ignore[no-any-return]  # NOQA: E501
           ^^^^^^^^^^^^^^^^^^^^^^^^^^^^^^^^^^^^^^^^^^^^
  File "D:\CrewLab - Copy\backend\venv\Lib\site-packages\sqlalchemy\dialects\postgresql\asyncpg.py", line 955, in connect
    await_only(creator_fn(*arg, **kw)),
    ^^^^^^^^^^^^^^^^^^^^^^^^^^^^^^^^^^
  File "D:\CrewLab - Copy\backend\venv\Lib\site-packages\sqlalchemy\util\_concurrency_py3k.py", line 132, in await_only
    return current.parent.switch(awaitable)  # type: ignore[no-any-return,attr-defined] # noqa: E501
           ^^^^^^^^^^^^^^^^^^^^^^^^^^^^^^^^
  File "D:\CrewLab - Copy\backend\venv\Lib\site-packages\sqlalchemy\util\_concurrency_py3k.py", line 196, in greenlet_spawn
    value = await result
            ^^^^^^^^^^^^
  File "D:\CrewLab - Copy\backend\venv\Lib\site-packages\asyncpg\connection.py", line 2443, in connect
    return await connect_utils._connect(
           ^^^^^^^^^^^^^^^^^^^^^^^^^^^^^
  File "D:\CrewLab - Copy\backend\venv\Lib\site-packages\asyncpg\connect_utils.py", line 1249, in _connect
    raise last_error or exceptions.TargetServerAttributeNotMatched(
  File "D:\CrewLab - Copy\backend\venv\Lib\site-packages\asyncpg\connect_utils.py", line 1218, in _connect
    conn = await _connect_addr(
           ^^^^^^^^^^^^^^^^^^^^
  File "D:\CrewLab - Copy\backend\venv\Lib\site-packages\asyncpg\connect_utils.py", line 1054, in _connect_addr
    return await __connect_addr(params, True, *args)
           ^^^^^^^^^^^^^^^^^^^^^^^^^^^^^^^^^^^^^^^^^
  File "D:\CrewLab - Copy\backend\venv\Lib\site-packages\asyncpg\connect_utils.py", line 1099, in __connect_addr
    tr, pr = await connector
             ^^^^^^^^^^^^^^^
  File "D:\CrewLab - Copy\backend\venv\Lib\site-packages\asyncpg\connect_utils.py", line 969, in _create_ssl_connection
    tr, pr = await loop.create_connection(
             ^^^^^^^^^^^^^^^^^^^^^^^^^^^^^
  File "C:\Users\hi\AppData\Local\Programs\Python\Python312\Lib\asyncio\base_events.py", line 1132, in create_connection
    raise exceptions[0]
  File "C:\Users\hi\AppData\Local\Programs\Python\Python312\Lib\asyncio\base_events.py", line 1107, in create_connection
    sock = await self._connect_sock(
           ^^^^^^^^^^^^^^^^^^^^^^^^^
  File "C:\Users\hi\AppData\Local\Programs\Python\Python312\Lib\asyncio\base_events.py", line 1010, in _connect_sock
    await self.sock_connect(sock, address)
  File "C:\Users\hi\AppData\Local\Programs\Python\Python312\Lib\asyncio\proactor_events.py", line 729, in sock_connect
    return await self._proactor.connect(sock, address)
           ^^^^^^^^^^^^^^^^^^^^^^^^^^^^^^^^^^^^^^^^^^^
  File "C:\Users\hi\AppData\Local\Programs\Python\Python312\Lib\asyncio\windows_events.py", line 803, in _poll
    value = callback(transferred, key, ov)
            ^^^^^^^^^^^^^^^^^^^^^^^^^^^^^^
  File "C:\Users\hi\AppData\Local\Programs\Python\Python312\Lib\asyncio\windows_events.py", line 599, in finish_connect
    ov.getresult()
PermissionError: [WinError 5] Access is denied
[2026-08-03 04:00:00,081: INFO/MainProcess] Task check_asset_request_expiry[9db1dc7b-d5e7-4341-9949-4d2f92abc4c0] received
[2026-08-03 04:00:00,109: ERROR/MainProcess] Task check_asset_request_expiry[9db1dc7b-d5e7-4341-9949-4d2f92abc4c0] raised unexpected: PermissionError(13, 'Access is denied', None, 5, None)
Traceback (most recent call last):
  File "D:\CrewLab - Copy\backend\venv\Lib\site-packages\celery\app\trace.py", line 585, in trace_task
    R = retval = fun(*args, **kwargs)
                 ^^^^^^^^^^^^^^^^^^^^
  File "D:\CrewLab - Copy\backend\venv\Lib\site-packages\celery\app\trace.py", line 858, in __protected_call__
    return self.run(*args, **kwargs)
           ^^^^^^^^^^^^^^^^^^^^^^^^^
  File "D:\CrewLab - Copy\backend\app\tasks\orchestrator_tasks.py", line 201, in check_asset_request_expiry
    run_async(_run())
  File "D:\CrewLab - Copy\backend\app\tasks\orchestrator_tasks.py", line 39, in run_async
    return loop.run_until_complete(coro)
           ^^^^^^^^^^^^^^^^^^^^^^^^^^^^^
  File "C:\Users\hi\AppData\Local\Programs\Python\Python312\Lib\asyncio\base_events.py", line 691, in run_until_complete
    return future.result()
           ^^^^^^^^^^^^^^^
  File "D:\CrewLab - Copy\backend\app\tasks\orchestrator_tasks.py", line 199, in _run
    await expire_asset_requests(session)
  File "D:\CrewLab - Copy\backend\app\tasks\orchestrator_tasks.py", line 145, in expire_asset_requests
    requests = (await session.execute(stmt)).scalars().all()
                ^^^^^^^^^^^^^^^^^^^^^^^^^^^
  File "D:\CrewLab - Copy\backend\venv\Lib\site-packages\sqlalchemy\ext\asyncio\session.py", line 448, in execute
    result = await greenlet_spawn(
             ^^^^^^^^^^^^^^^^^^^^^
  File "D:\CrewLab - Copy\backend\venv\Lib\site-packages\sqlalchemy\util\_concurrency_py3k.py", line 201, in greenlet_spawn
    result = context.throw(*sys.exc_info())
             ^^^^^^^^^^^^^^^^^^^^^^^^^^^^^^
  File "D:\CrewLab - Copy\backend\venv\Lib\site-packages\sqlalchemy\orm\session.py", line 2373, in execute
    return self._execute_internal(
           ^^^^^^^^^^^^^^^^^^^^^^^
  File "D:\CrewLab - Copy\backend\venv\Lib\site-packages\sqlalchemy\orm\session.py", line 2261, in _execute_internal
    conn = self._connection_for_bind(bind)
           ^^^^^^^^^^^^^^^^^^^^^^^^^^^^^^^
  File "D:\CrewLab - Copy\backend\venv\Lib\site-packages\sqlalchemy\orm\session.py", line 2113, in _connection_for_bind
    return trans._connection_for_bind(engine, execution_options)
           ^^^^^^^^^^^^^^^^^^^^^^^^^^^^^^^^^^^^^^^^^^^^^^^^^^^^^
  File "<string>", line 2, in _connection_for_bind
  File "D:\CrewLab - Copy\backend\venv\Lib\site-packages\sqlalchemy\orm\state_changes.py", line 137, in _go
    ret_value = fn(self, *arg, **kw)
                ^^^^^^^^^^^^^^^^^^^^
  File "D:\CrewLab - Copy\backend\venv\Lib\site-packages\sqlalchemy\orm\session.py", line 1191, in _connection_for_bind
    conn = bind.connect()
           ^^^^^^^^^^^^^^
  File "D:\CrewLab - Copy\backend\venv\Lib\site-packages\sqlalchemy\engine\base.py", line 3295, in connect
    return self._connection_cls(self)
           ^^^^^^^^^^^^^^^^^^^^^^^^^^
  File "D:\CrewLab - Copy\backend\venv\Lib\site-packages\sqlalchemy\engine\base.py", line 144, in __init__
    self._dbapi_connection = engine.raw_connection()
                             ^^^^^^^^^^^^^^^^^^^^^^^
  File "D:\CrewLab - Copy\backend\venv\Lib\site-packages\sqlalchemy\engine\base.py", line 3319, in raw_connection
    return self.pool.connect()
           ^^^^^^^^^^^^^^^^^^^
  File "D:\CrewLab - Copy\backend\venv\Lib\site-packages\sqlalchemy\pool\base.py", line 448, in connect
    return _ConnectionFairy._checkout(self)
           ^^^^^^^^^^^^^^^^^^^^^^^^^^^^^^^^
  File "D:\CrewLab - Copy\backend\venv\Lib\site-packages\sqlalchemy\pool\base.py", line 1272, in _checkout
    fairy = _ConnectionRecord.checkout(pool)
            ^^^^^^^^^^^^^^^^^^^^^^^^^^^^^^^^
  File "D:\CrewLab - Copy\backend\venv\Lib\site-packages\sqlalchemy\pool\base.py", line 712, in checkout
    rec = pool._do_get()
          ^^^^^^^^^^^^^^
  File "D:\CrewLab - Copy\backend\venv\Lib\site-packages\sqlalchemy\pool\impl.py", line 178, in _do_get
    with util.safe_reraise():
         ^^^^^^^^^^^^^^^^^^^
  File "D:\CrewLab - Copy\backend\venv\Lib\site-packages\sqlalchemy\util\langhelpers.py", line 122, in __exit__
    raise exc_value.with_traceback(exc_tb)
  File "D:\CrewLab - Copy\backend\venv\Lib\site-packages\sqlalchemy\pool\impl.py", line 176, in _do_get
    return self._create_connection()
           ^^^^^^^^^^^^^^^^^^^^^^^^^
  File "D:\CrewLab - Copy\backend\venv\Lib\site-packages\sqlalchemy\pool\base.py", line 389, in _create_connection
    return _ConnectionRecord(self)
           ^^^^^^^^^^^^^^^^^^^^^^^
  File "D:\CrewLab - Copy\backend\venv\Lib\site-packages\sqlalchemy\pool\base.py", line 674, in __init__
    self.__connect()
  File "D:\CrewLab - Copy\backend\venv\Lib\site-packages\sqlalchemy\pool\base.py", line 900, in __connect
    with util.safe_reraise():
         ^^^^^^^^^^^^^^^^^^^
  File "D:\CrewLab - Copy\backend\venv\Lib\site-packages\sqlalchemy\util\langhelpers.py", line 122, in __exit__
    raise exc_value.with_traceback(exc_tb)
  File "D:\CrewLab - Copy\backend\venv\Lib\site-packages\sqlalchemy\pool\base.py", line 896, in __connect
    self.dbapi_connection = connection = pool._invoke_creator(self)
                                         ^^^^^^^^^^^^^^^^^^^^^^^^^^
  File "D:\CrewLab - Copy\backend\venv\Lib\site-packages\sqlalchemy\engine\create.py", line 667, in connect
    return dialect.connect(*cargs_tup, **cparams)
           ^^^^^^^^^^^^^^^^^^^^^^^^^^^^^^^^^^^^^^
  File "D:\CrewLab - Copy\backend\venv\Lib\site-packages\sqlalchemy\engine\default.py", line 630, in connect
    return self.loaded_dbapi.connect(*cargs, **cparams)  # type: ignore[no-any-return]  # NOQA: E501
           ^^^^^^^^^^^^^^^^^^^^^^^^^^^^^^^^^^^^^^^^^^^^
  File "D:\CrewLab - Copy\backend\venv\Lib\site-packages\sqlalchemy\dialects\postgresql\asyncpg.py", line 955, in connect
    await_only(creator_fn(*arg, **kw)),
    ^^^^^^^^^^^^^^^^^^^^^^^^^^^^^^^^^^
  File "D:\CrewLab - Copy\backend\venv\Lib\site-packages\sqlalchemy\util\_concurrency_py3k.py", line 132, in await_only
    return current.parent.switch(awaitable)  # type: ignore[no-any-return,attr-defined] # noqa: E501
           ^^^^^^^^^^^^^^^^^^^^^^^^^^^^^^^^
  File "D:\CrewLab - Copy\backend\venv\Lib\site-packages\sqlalchemy\util\_concurrency_py3k.py", line 196, in greenlet_spawn
    value = await result
            ^^^^^^^^^^^^
  File "D:\CrewLab - Copy\backend\venv\Lib\site-packages\asyncpg\connection.py", line 2443, in connect
    return await connect_utils._connect(
           ^^^^^^^^^^^^^^^^^^^^^^^^^^^^^
  File "D:\CrewLab - Copy\backend\venv\Lib\site-packages\asyncpg\connect_utils.py", line 1249, in _connect
    raise last_error or exceptions.TargetServerAttributeNotMatched(
  File "D:\CrewLab - Copy\backend\venv\Lib\site-packages\asyncpg\connect_utils.py", line 1218, in _connect
    conn = await _connect_addr(
           ^^^^^^^^^^^^^^^^^^^^
  File "D:\CrewLab - Copy\backend\venv\Lib\site-packages\asyncpg\connect_utils.py", line 1054, in _connect_addr
    return await __connect_addr(params, True, *args)
           ^^^^^^^^^^^^^^^^^^^^^^^^^^^^^^^^^^^^^^^^^
  File "D:\CrewLab - Copy\backend\venv\Lib\site-packages\asyncpg\connect_utils.py", line 1099, in __connect_addr
    tr, pr = await connector
             ^^^^^^^^^^^^^^^
  File "D:\CrewLab - Copy\backend\venv\Lib\site-packages\asyncpg\connect_utils.py", line 969, in _create_ssl_connection
    tr, pr = await loop.create_connection(
             ^^^^^^^^^^^^^^^^^^^^^^^^^^^^^
  File "C:\Users\hi\AppData\Local\Programs\Python\Python312\Lib\asyncio\base_events.py", line 1132, in create_connection
    raise exceptions[0]
  File "C:\Users\hi\AppData\Local\Programs\Python\Python312\Lib\asyncio\base_events.py", line 1107, in create_connection
    sock = await self._connect_sock(
           ^^^^^^^^^^^^^^^^^^^^^^^^^
  File "C:\Users\hi\AppData\Local\Programs\Python\Python312\Lib\asyncio\base_events.py", line 1010, in _connect_sock
    await self.sock_connect(sock, address)
  File "C:\Users\hi\AppData\Local\Programs\Python\Python312\Lib\asyncio\proactor_events.py", line 729, in sock_connect
    return await self._proactor.connect(sock, address)
           ^^^^^^^^^^^^^^^^^^^^^^^^^^^^^^^^^^^^^^^^^^^
  File "C:\Users\hi\AppData\Local\Programs\Python\Python312\Lib\asyncio\windows_events.py", line 803, in _poll
    value = callback(transferred, key, ov)
            ^^^^^^^^^^^^^^^^^^^^^^^^^^^^^^
  File "C:\Users\hi\AppData\Local\Programs\Python\Python312\Lib\asyncio\windows_events.py", line 599, in finish_connect
    ov.getresult()
PermissionError: [WinError 5] Access is denied
[2026-08-03 04:15:00,011: INFO/MainProcess] Task check_scheduled_cycles[a9e77e74-3daa-4a88-ba5e-753765efb207] received
[2026-08-03 04:15:00,093: ERROR/MainProcess] Task check_scheduled_cycles[a9e77e74-3daa-4a88-ba5e-753765efb207] raised unexpected: PermissionError(13, 'Access is denied', None, 5, None)
Traceback (most recent call last):
  File "D:\CrewLab - Copy\backend\venv\Lib\site-packages\celery\app\trace.py", line 585, in trace_task
    R = retval = fun(*args, **kwargs)
                 ^^^^^^^^^^^^^^^^^^^^
  File "D:\CrewLab - Copy\backend\venv\Lib\site-packages\celery\app\trace.py", line 858, in __protected_call__
    return self.run(*args, **kwargs)
           ^^^^^^^^^^^^^^^^^^^^^^^^^
  File "D:\CrewLab - Copy\backend\app\tasks\orchestrator_tasks.py", line 131, in check_scheduled_cycles
    run_async(_run())
  File "D:\CrewLab - Copy\backend\app\tasks\orchestrator_tasks.py", line 39, in run_async
    return loop.run_until_complete(coro)
           ^^^^^^^^^^^^^^^^^^^^^^^^^^^^^
  File "C:\Users\hi\AppData\Local\Programs\Python\Python312\Lib\asyncio\base_events.py", line 691, in run_until_complete
    return future.result()
           ^^^^^^^^^^^^^^^
  File "D:\CrewLab - Copy\backend\app\tasks\orchestrator_tasks.py", line 118, in _run
    result = await session.execute(stmt)
             ^^^^^^^^^^^^^^^^^^^^^^^^^^^
  File "D:\CrewLab - Copy\backend\venv\Lib\site-packages\sqlalchemy\ext\asyncio\session.py", line 448, in execute
    result = await greenlet_spawn(
             ^^^^^^^^^^^^^^^^^^^^^
  File "D:\CrewLab - Copy\backend\venv\Lib\site-packages\sqlalchemy\util\_concurrency_py3k.py", line 201, in greenlet_spawn
    result = context.throw(*sys.exc_info())
             ^^^^^^^^^^^^^^^^^^^^^^^^^^^^^^
  File "D:\CrewLab - Copy\backend\venv\Lib\site-packages\sqlalchemy\orm\session.py", line 2373, in execute
    return self._execute_internal(
           ^^^^^^^^^^^^^^^^^^^^^^^
  File "D:\CrewLab - Copy\backend\venv\Lib\site-packages\sqlalchemy\orm\session.py", line 2261, in _execute_internal
    conn = self._connection_for_bind(bind)
           ^^^^^^^^^^^^^^^^^^^^^^^^^^^^^^^
  File "D:\CrewLab - Copy\backend\venv\Lib\site-packages\sqlalchemy\orm\session.py", line 2113, in _connection_for_bind
    return trans._connection_for_bind(engine, execution_options)
           ^^^^^^^^^^^^^^^^^^^^^^^^^^^^^^^^^^^^^^^^^^^^^^^^^^^^^
  File "<string>", line 2, in _connection_for_bind
  File "D:\CrewLab - Copy\backend\venv\Lib\site-packages\sqlalchemy\orm\state_changes.py", line 137, in _go
    ret_value = fn(self, *arg, **kw)
                ^^^^^^^^^^^^^^^^^^^^
  File "D:\CrewLab - Copy\backend\venv\Lib\site-packages\sqlalchemy\orm\session.py", line 1191, in _connection_for_bind
    conn = bind.connect()
           ^^^^^^^^^^^^^^
  File "D:\CrewLab - Copy\backend\venv\Lib\site-packages\sqlalchemy\engine\base.py", line 3295, in connect
    return self._connection_cls(self)
           ^^^^^^^^^^^^^^^^^^^^^^^^^^
  File "D:\CrewLab - Copy\backend\venv\Lib\site-packages\sqlalchemy\engine\base.py", line 144, in __init__
    self._dbapi_connection = engine.raw_connection()
                             ^^^^^^^^^^^^^^^^^^^^^^^
  File "D:\CrewLab - Copy\backend\venv\Lib\site-packages\sqlalchemy\engine\base.py", line 3319, in raw_connection
    return self.pool.connect()
           ^^^^^^^^^^^^^^^^^^^
  File "D:\CrewLab - Copy\backend\venv\Lib\site-packages\sqlalchemy\pool\base.py", line 448, in connect
    return _ConnectionFairy._checkout(self)
           ^^^^^^^^^^^^^^^^^^^^^^^^^^^^^^^^
  File "D:\CrewLab - Copy\backend\venv\Lib\site-packages\sqlalchemy\pool\base.py", line 1272, in _checkout
    fairy = _ConnectionRecord.checkout(pool)
            ^^^^^^^^^^^^^^^^^^^^^^^^^^^^^^^^
  File "D:\CrewLab - Copy\backend\venv\Lib\site-packages\sqlalchemy\pool\base.py", line 712, in checkout
    rec = pool._do_get()
          ^^^^^^^^^^^^^^
  File "D:\CrewLab - Copy\backend\venv\Lib\site-packages\sqlalchemy\pool\impl.py", line 178, in _do_get
    with util.safe_reraise():
         ^^^^^^^^^^^^^^^^^^^
  File "D:\CrewLab - Copy\backend\venv\Lib\site-packages\sqlalchemy\util\langhelpers.py", line 122, in __exit__
    raise exc_value.with_traceback(exc_tb)
  File "D:\CrewLab - Copy\backend\venv\Lib\site-packages\sqlalchemy\pool\impl.py", line 176, in _do_get
    return self._create_connection()
           ^^^^^^^^^^^^^^^^^^^^^^^^^
  File "D:\CrewLab - Copy\backend\venv\Lib\site-packages\sqlalchemy\pool\base.py", line 389, in _create_connection
    return _ConnectionRecord(self)
           ^^^^^^^^^^^^^^^^^^^^^^^
  File "D:\CrewLab - Copy\backend\venv\Lib\site-packages\sqlalchemy\pool\base.py", line 674, in __init__
    self.__connect()
  File "D:\CrewLab - Copy\backend\venv\Lib\site-packages\sqlalchemy\pool\base.py", line 900, in __connect
    with util.safe_reraise():
         ^^^^^^^^^^^^^^^^^^^
  File "D:\CrewLab - Copy\backend\venv\Lib\site-packages\sqlalchemy\util\langhelpers.py", line 122, in __exit__
    raise exc_value.with_traceback(exc_tb)
  File "D:\CrewLab - Copy\backend\venv\Lib\site-packages\sqlalchemy\pool\base.py", line 896, in __connect
    self.dbapi_connection = connection = pool._invoke_creator(self)
                                         ^^^^^^^^^^^^^^^^^^^^^^^^^^
  File "D:\CrewLab - Copy\backend\venv\Lib\site-packages\sqlalchemy\engine\create.py", line 667, in connect
    return dialect.connect(*cargs_tup, **cparams)
           ^^^^^^^^^^^^^^^^^^^^^^^^^^^^^^^^^^^^^^
  File "D:\CrewLab - Copy\backend\venv\Lib\site-packages\sqlalchemy\engine\default.py", line 630, in connect
    return self.loaded_dbapi.connect(*cargs, **cparams)  # type: ignore[no-any-return]  # NOQA: E501
           ^^^^^^^^^^^^^^^^^^^^^^^^^^^^^^^^^^^^^^^^^^^^
  File "D:\CrewLab - Copy\backend\venv\Lib\site-packages\sqlalchemy\dialects\postgresql\asyncpg.py", line 955, in connect
    await_only(creator_fn(*arg, **kw)),
    ^^^^^^^^^^^^^^^^^^^^^^^^^^^^^^^^^^
  File "D:\CrewLab - Copy\backend\venv\Lib\site-packages\sqlalchemy\util\_concurrency_py3k.py", line 132, in await_only
    return current.parent.switch(awaitable)  # type: ignore[no-any-return,attr-defined] # noqa: E501
           ^^^^^^^^^^^^^^^^^^^^^^^^^^^^^^^^
  File "D:\CrewLab - Copy\backend\venv\Lib\site-packages\sqlalchemy\util\_concurrency_py3k.py", line 196, in greenlet_spawn
    value = await result
            ^^^^^^^^^^^^
  File "D:\CrewLab - Copy\backend\venv\Lib\site-packages\asyncpg\connection.py", line 2443, in connect
    return await connect_utils._connect(
           ^^^^^^^^^^^^^^^^^^^^^^^^^^^^^
  File "D:\CrewLab - Copy\backend\venv\Lib\site-packages\asyncpg\connect_utils.py", line 1249, in _connect
    raise last_error or exceptions.TargetServerAttributeNotMatched(
  File "D:\CrewLab - Copy\backend\venv\Lib\site-packages\asyncpg\connect_utils.py", line 1218, in _connect
    conn = await _connect_addr(
           ^^^^^^^^^^^^^^^^^^^^
  File "D:\CrewLab - Copy\backend\venv\Lib\site-packages\asyncpg\connect_utils.py", line 1054, in _connect_addr
    return await __connect_addr(params, True, *args)
           ^^^^^^^^^^^^^^^^^^^^^^^^^^^^^^^^^^^^^^^^^
  File "D:\CrewLab - Copy\backend\venv\Lib\site-packages\asyncpg\connect_utils.py", line 1099, in __connect_addr
    tr, pr = await connector
             ^^^^^^^^^^^^^^^
  File "D:\CrewLab - Copy\backend\venv\Lib\site-packages\asyncpg\connect_utils.py", line 969, in _create_ssl_connection
    tr, pr = await loop.create_connection(
             ^^^^^^^^^^^^^^^^^^^^^^^^^^^^^
  File "C:\Users\hi\AppData\Local\Programs\Python\Python312\Lib\asyncio\base_events.py", line 1132, in create_connection
    raise exceptions[0]
  File "C:\Users\hi\AppData\Local\Programs\Python\Python312\Lib\asyncio\base_events.py", line 1107, in create_connection
    sock = await self._connect_sock(
           ^^^^^^^^^^^^^^^^^^^^^^^^^
  File "C:\Users\hi\AppData\Local\Programs\Python\Python312\Lib\asyncio\base_events.py", line 1010, in _connect_sock
    await self.sock_connect(sock, address)
  File "C:\Users\hi\AppData\Local\Programs\Python\Python312\Lib\asyncio\proactor_events.py", line 729, in sock_connect
    return await self._proactor.connect(sock, address)
           ^^^^^^^^^^^^^^^^^^^^^^^^^^^^^^^^^^^^^^^^^^^
  File "C:\Users\hi\AppData\Local\Programs\Python\Python312\Lib\asyncio\windows_events.py", line 803, in _poll
    value = callback(transferred, key, ov)
            ^^^^^^^^^^^^^^^^^^^^^^^^^^^^^^
  File "C:\Users\hi\AppData\Local\Programs\Python\Python312\Lib\asyncio\windows_events.py", line 599, in finish_connect
    ov.getresult()
PermissionError: [WinError 5] Access is denied
[2026-08-03 04:30:00,013: INFO/MainProcess] Task check_scheduled_cycles[b4d84156-9f56-44da-9ad2-4d8ce933824c] received
[2026-08-03 04:30:00,099: ERROR/MainProcess] Task check_scheduled_cycles[b4d84156-9f56-44da-9ad2-4d8ce933824c] raised unexpected: PermissionError(13, 'Access is denied', None, 5, None)
Traceback (most recent call last):
  File "D:\CrewLab - Copy\backend\venv\Lib\site-packages\celery\app\trace.py", line 585, in trace_task
    R = retval = fun(*args, **kwargs)
                 ^^^^^^^^^^^^^^^^^^^^
  File "D:\CrewLab - Copy\backend\venv\Lib\site-packages\celery\app\trace.py", line 858, in __protected_call__
    return self.run(*args, **kwargs)
           ^^^^^^^^^^^^^^^^^^^^^^^^^
  File "D:\CrewLab - Copy\backend\app\tasks\orchestrator_tasks.py", line 131, in check_scheduled_cycles
    run_async(_run())
  File "D:\CrewLab - Copy\backend\app\tasks\orchestrator_tasks.py", line 39, in run_async
    return loop.run_until_complete(coro)
           ^^^^^^^^^^^^^^^^^^^^^^^^^^^^^
  File "C:\Users\hi\AppData\Local\Programs\Python\Python312\Lib\asyncio\base_events.py", line 691, in run_until_complete
    return future.result()
           ^^^^^^^^^^^^^^^
  File "D:\CrewLab - Copy\backend\app\tasks\orchestrator_tasks.py", line 118, in _run
    result = await session.execute(stmt)
             ^^^^^^^^^^^^^^^^^^^^^^^^^^^
  File "D:\CrewLab - Copy\backend\venv\Lib\site-packages\sqlalchemy\ext\asyncio\session.py", line 448, in execute
    result = await greenlet_spawn(
             ^^^^^^^^^^^^^^^^^^^^^
  File "D:\CrewLab - Copy\backend\venv\Lib\site-packages\sqlalchemy\util\_concurrency_py3k.py", line 201, in greenlet_spawn
    result = context.throw(*sys.exc_info())
             ^^^^^^^^^^^^^^^^^^^^^^^^^^^^^^
  File "D:\CrewLab - Copy\backend\venv\Lib\site-packages\sqlalchemy\orm\session.py", line 2373, in execute
    return self._execute_internal(
           ^^^^^^^^^^^^^^^^^^^^^^^
  File "D:\CrewLab - Copy\backend\venv\Lib\site-packages\sqlalchemy\orm\session.py", line 2261, in _execute_internal
    conn = self._connection_for_bind(bind)
           ^^^^^^^^^^^^^^^^^^^^^^^^^^^^^^^
  File "D:\CrewLab - Copy\backend\venv\Lib\site-packages\sqlalchemy\orm\session.py", line 2113, in _connection_for_bind
    return trans._connection_for_bind(engine, execution_options)
           ^^^^^^^^^^^^^^^^^^^^^^^^^^^^^^^^^^^^^^^^^^^^^^^^^^^^^
  File "<string>", line 2, in _connection_for_bind
  File "D:\CrewLab - Copy\backend\venv\Lib\site-packages\sqlalchemy\orm\state_changes.py", line 137, in _go
    ret_value = fn(self, *arg, **kw)
                ^^^^^^^^^^^^^^^^^^^^
  File "D:\CrewLab - Copy\backend\venv\Lib\site-packages\sqlalchemy\orm\session.py", line 1191, in _connection_for_bind
    conn = bind.connect()
           ^^^^^^^^^^^^^^
  File "D:\CrewLab - Copy\backend\venv\Lib\site-packages\sqlalchemy\engine\base.py", line 3295, in connect
    return self._connection_cls(self)
           ^^^^^^^^^^^^^^^^^^^^^^^^^^
  File "D:\CrewLab - Copy\backend\venv\Lib\site-packages\sqlalchemy\engine\base.py", line 144, in __init__
    self._dbapi_connection = engine.raw_connection()
                             ^^^^^^^^^^^^^^^^^^^^^^^
  File "D:\CrewLab - Copy\backend\venv\Lib\site-packages\sqlalchemy\engine\base.py", line 3319, in raw_connection
    return self.pool.connect()
           ^^^^^^^^^^^^^^^^^^^
  File "D:\CrewLab - Copy\backend\venv\Lib\site-packages\sqlalchemy\pool\base.py", line 448, in connect
    return _ConnectionFairy._checkout(self)
           ^^^^^^^^^^^^^^^^^^^^^^^^^^^^^^^^
  File "D:\CrewLab - Copy\backend\venv\Lib\site-packages\sqlalchemy\pool\base.py", line 1272, in _checkout
    fairy = _ConnectionRecord.checkout(pool)
            ^^^^^^^^^^^^^^^^^^^^^^^^^^^^^^^^
  File "D:\CrewLab - Copy\backend\venv\Lib\site-packages\sqlalchemy\pool\base.py", line 712, in checkout
    rec = pool._do_get()
          ^^^^^^^^^^^^^^
  File "D:\CrewLab - Copy\backend\venv\Lib\site-packages\sqlalchemy\pool\impl.py", line 178, in _do_get
    with util.safe_reraise():
         ^^^^^^^^^^^^^^^^^^^
  File "D:\CrewLab - Copy\backend\venv\Lib\site-packages\sqlalchemy\util\langhelpers.py", line 122, in __exit__
    raise exc_value.with_traceback(exc_tb)
  File "D:\CrewLab - Copy\backend\venv\Lib\site-packages\sqlalchemy\pool\impl.py", line 176, in _do_get
    return self._create_connection()
           ^^^^^^^^^^^^^^^^^^^^^^^^^
  File "D:\CrewLab - Copy\backend\venv\Lib\site-packages\sqlalchemy\pool\base.py", line 389, in _create_connection
    return _ConnectionRecord(self)
           ^^^^^^^^^^^^^^^^^^^^^^^
  File "D:\CrewLab - Copy\backend\venv\Lib\site-packages\sqlalchemy\pool\base.py", line 674, in __init__
    self.__connect()
  File "D:\CrewLab - Copy\backend\venv\Lib\site-packages\sqlalchemy\pool\base.py", line 900, in __connect
    with util.safe_reraise():
         ^^^^^^^^^^^^^^^^^^^
  File "D:\CrewLab - Copy\backend\venv\Lib\site-packages\sqlalchemy\util\langhelpers.py", line 122, in __exit__
    raise exc_value.with_traceback(exc_tb)
  File "D:\CrewLab - Copy\backend\venv\Lib\site-packages\sqlalchemy\pool\base.py", line 896, in __connect
    self.dbapi_connection = connection = pool._invoke_creator(self)
                                         ^^^^^^^^^^^^^^^^^^^^^^^^^^
  File "D:\CrewLab - Copy\backend\venv\Lib\site-packages\sqlalchemy\engine\create.py", line 667, in connect
    return dialect.connect(*cargs_tup, **cparams)
           ^^^^^^^^^^^^^^^^^^^^^^^^^^^^^^^^^^^^^^
  File "D:\CrewLab - Copy\backend\venv\Lib\site-packages\sqlalchemy\engine\default.py", line 630, in connect
    return self.loaded_dbapi.connect(*cargs, **cparams)  # type: ignore[no-any-return]  # NOQA: E501
           ^^^^^^^^^^^^^^^^^^^^^^^^^^^^^^^^^^^^^^^^^^^^
  File "D:\CrewLab - Copy\backend\venv\Lib\site-packages\sqlalchemy\dialects\postgresql\asyncpg.py", line 955, in connect
    await_only(creator_fn(*arg, **kw)),
    ^^^^^^^^^^^^^^^^^^^^^^^^^^^^^^^^^^
  File "D:\CrewLab - Copy\backend\venv\Lib\site-packages\sqlalchemy\util\_concurrency_py3k.py", line 132, in await_only
    return current.parent.switch(awaitable)  # type: ignore[no-any-return,attr-defined] # noqa: E501
           ^^^^^^^^^^^^^^^^^^^^^^^^^^^^^^^^
  File "D:\CrewLab - Copy\backend\venv\Lib\site-packages\sqlalchemy\util\_concurrency_py3k.py", line 196, in greenlet_spawn
    value = await result
            ^^^^^^^^^^^^
  File "D:\CrewLab - Copy\backend\venv\Lib\site-packages\asyncpg\connection.py", line 2443, in connect
    return await connect_utils._connect(
           ^^^^^^^^^^^^^^^^^^^^^^^^^^^^^
  File "D:\CrewLab - Copy\backend\venv\Lib\site-packages\asyncpg\connect_utils.py", line 1249, in _connect
    raise last_error or exceptions.TargetServerAttributeNotMatched(
  File "D:\CrewLab - Copy\backend\venv\Lib\site-packages\asyncpg\connect_utils.py", line 1218, in _connect
    conn = await _connect_addr(
           ^^^^^^^^^^^^^^^^^^^^
  File "D:\CrewLab - Copy\backend\venv\Lib\site-packages\asyncpg\connect_utils.py", line 1054, in _connect_addr
    return await __connect_addr(params, True, *args)
           ^^^^^^^^^^^^^^^^^^^^^^^^^^^^^^^^^^^^^^^^^
  File "D:\CrewLab - Copy\backend\venv\Lib\site-packages\asyncpg\connect_utils.py", line 1099, in __connect_addr
    tr, pr = await connector
             ^^^^^^^^^^^^^^^
  File "D:\CrewLab - Copy\backend\venv\Lib\site-packages\asyncpg\connect_utils.py", line 969, in _create_ssl_connection
    tr, pr = await loop.create_connection(
             ^^^^^^^^^^^^^^^^^^^^^^^^^^^^^
  File "C:\Users\hi\AppData\Local\Programs\Python\Python312\Lib\asyncio\base_events.py", line 1132, in create_connection
    raise exceptions[0]
  File "C:\Users\hi\AppData\Local\Programs\Python\Python312\Lib\asyncio\base_events.py", line 1107, in create_connection
    sock = await self._connect_sock(
           ^^^^^^^^^^^^^^^^^^^^^^^^^
  File "C:\Users\hi\AppData\Local\Programs\Python\Python312\Lib\asyncio\base_events.py", line 1010, in _connect_sock
    await self.sock_connect(sock, address)
  File "C:\Users\hi\AppData\Local\Programs\Python\Python312\Lib\asyncio\proactor_events.py", line 729, in sock_connect
    return await self._proactor.connect(sock, address)
           ^^^^^^^^^^^^^^^^^^^^^^^^^^^^^^^^^^^^^^^^^^^
  File "C:\Users\hi\AppData\Local\Programs\Python\Python312\Lib\asyncio\windows_events.py", line 803, in _poll
    value = callback(transferred, key, ov)
            ^^^^^^^^^^^^^^^^^^^^^^^^^^^^^^
  File "C:\Users\hi\AppData\Local\Programs\Python\Python312\Lib\asyncio\windows_events.py", line 599, in finish_connect
    ov.getresult()
PermissionError: [WinError 5] Access is denied
[2026-08-03 04:45:00,010: INFO/MainProcess] Task check_scheduled_cycles[edee0a10-75c5-4b60-b10d-fcc3ac73185c] received
[2026-08-03 04:45:00,078: ERROR/MainProcess] Task check_scheduled_cycles[edee0a10-75c5-4b60-b10d-fcc3ac73185c] raised unexpected: PermissionError(13, 'Access is denied', None, 5, None)
Traceback (most recent call last):
  File "D:\CrewLab - Copy\backend\venv\Lib\site-packages\celery\app\trace.py", line 585, in trace_task
    R = retval = fun(*args, **kwargs)
                 ^^^^^^^^^^^^^^^^^^^^
  File "D:\CrewLab - Copy\backend\venv\Lib\site-packages\celery\app\trace.py", line 858, in __protected_call__
    return self.run(*args, **kwargs)
           ^^^^^^^^^^^^^^^^^^^^^^^^^
  File "D:\CrewLab - Copy\backend\app\tasks\orchestrator_tasks.py", line 131, in check_scheduled_cycles
    run_async(_run())
  File "D:\CrewLab - Copy\backend\app\tasks\orchestrator_tasks.py", line 39, in run_async
    return loop.run_until_complete(coro)
           ^^^^^^^^^^^^^^^^^^^^^^^^^^^^^
  File "C:\Users\hi\AppData\Local\Programs\Python\Python312\Lib\asyncio\base_events.py", line 691, in run_until_complete
    return future.result()
           ^^^^^^^^^^^^^^^
  File "D:\CrewLab - Copy\backend\app\tasks\orchestrator_tasks.py", line 118, in _run
    result = await session.execute(stmt)
             ^^^^^^^^^^^^^^^^^^^^^^^^^^^
  File "D:\CrewLab - Copy\backend\venv\Lib\site-packages\sqlalchemy\ext\asyncio\session.py", line 448, in execute
    result = await greenlet_spawn(
             ^^^^^^^^^^^^^^^^^^^^^
  File "D:\CrewLab - Copy\backend\venv\Lib\site-packages\sqlalchemy\util\_concurrency_py3k.py", line 201, in greenlet_spawn
    result = context.throw(*sys.exc_info())
             ^^^^^^^^^^^^^^^^^^^^^^^^^^^^^^
  File "D:\CrewLab - Copy\backend\venv\Lib\site-packages\sqlalchemy\orm\session.py", line 2373, in execute
    return self._execute_internal(
           ^^^^^^^^^^^^^^^^^^^^^^^
  File "D:\CrewLab - Copy\backend\venv\Lib\site-packages\sqlalchemy\orm\session.py", line 2261, in _execute_internal
    conn = self._connection_for_bind(bind)
           ^^^^^^^^^^^^^^^^^^^^^^^^^^^^^^^
  File "D:\CrewLab - Copy\backend\venv\Lib\site-packages\sqlalchemy\orm\session.py", line 2113, in _connection_for_bind
    return trans._connection_for_bind(engine, execution_options)
           ^^^^^^^^^^^^^^^^^^^^^^^^^^^^^^^^^^^^^^^^^^^^^^^^^^^^^
  File "<string>", line 2, in _connection_for_bind
  File "D:\CrewLab - Copy\backend\venv\Lib\site-packages\sqlalchemy\orm\state_changes.py", line 137, in _go
    ret_value = fn(self, *arg, **kw)
                ^^^^^^^^^^^^^^^^^^^^
  File "D:\CrewLab - Copy\backend\venv\Lib\site-packages\sqlalchemy\orm\session.py", line 1191, in _connection_for_bind
    conn = bind.connect()
           ^^^^^^^^^^^^^^
  File "D:\CrewLab - Copy\backend\venv\Lib\site-packages\sqlalchemy\engine\base.py", line 3295, in connect
    return self._connection_cls(self)
           ^^^^^^^^^^^^^^^^^^^^^^^^^^
  File "D:\CrewLab - Copy\backend\venv\Lib\site-packages\sqlalchemy\engine\base.py", line 144, in __init__
    self._dbapi_connection = engine.raw_connection()
                             ^^^^^^^^^^^^^^^^^^^^^^^
  File "D:\CrewLab - Copy\backend\venv\Lib\site-packages\sqlalchemy\engine\base.py", line 3319, in raw_connection
    return self.pool.connect()
           ^^^^^^^^^^^^^^^^^^^
  File "D:\CrewLab - Copy\backend\venv\Lib\site-packages\sqlalchemy\pool\base.py", line 448, in connect
    return _ConnectionFairy._checkout(self)
           ^^^^^^^^^^^^^^^^^^^^^^^^^^^^^^^^
  File "D:\CrewLab - Copy\backend\venv\Lib\site-packages\sqlalchemy\pool\base.py", line 1272, in _checkout
    fairy = _ConnectionRecord.checkout(pool)
            ^^^^^^^^^^^^^^^^^^^^^^^^^^^^^^^^
  File "D:\CrewLab - Copy\backend\venv\Lib\site-packages\sqlalchemy\pool\base.py", line 712, in checkout
    rec = pool._do_get()
          ^^^^^^^^^^^^^^
  File "D:\CrewLab - Copy\backend\venv\Lib\site-packages\sqlalchemy\pool\impl.py", line 178, in _do_get
    with util.safe_reraise():
         ^^^^^^^^^^^^^^^^^^^
  File "D:\CrewLab - Copy\backend\venv\Lib\site-packages\sqlalchemy\util\langhelpers.py", line 122, in __exit__
    raise exc_value.with_traceback(exc_tb)
  File "D:\CrewLab - Copy\backend\venv\Lib\site-packages\sqlalchemy\pool\impl.py", line 176, in _do_get
    return self._create_connection()
           ^^^^^^^^^^^^^^^^^^^^^^^^^
  File "D:\CrewLab - Copy\backend\venv\Lib\site-packages\sqlalchemy\pool\base.py", line 389, in _create_connection
    return _ConnectionRecord(self)
           ^^^^^^^^^^^^^^^^^^^^^^^
  File "D:\CrewLab - Copy\backend\venv\Lib\site-packages\sqlalchemy\pool\base.py", line 674, in __init__
    self.__connect()
  File "D:\CrewLab - Copy\backend\venv\Lib\site-packages\sqlalchemy\pool\base.py", line 900, in __connect
    with util.safe_reraise():
         ^^^^^^^^^^^^^^^^^^^
  File "D:\CrewLab - Copy\backend\venv\Lib\site-packages\sqlalchemy\util\langhelpers.py", line 122, in __exit__
    raise exc_value.with_traceback(exc_tb)
  File "D:\CrewLab - Copy\backend\venv\Lib\site-packages\sqlalchemy\pool\base.py", line 896, in __connect
    self.dbapi_connection = connection = pool._invoke_creator(self)
                                         ^^^^^^^^^^^^^^^^^^^^^^^^^^
  File "D:\CrewLab - Copy\backend\venv\Lib\site-packages\sqlalchemy\engine\create.py", line 667, in connect
    return dialect.connect(*cargs_tup, **cparams)
           ^^^^^^^^^^^^^^^^^^^^^^^^^^^^^^^^^^^^^^
  File "D:\CrewLab - Copy\backend\venv\Lib\site-packages\sqlalchemy\engine\default.py", line 630, in connect
    return self.loaded_dbapi.connect(*cargs, **cparams)  # type: ignore[no-any-return]  # NOQA: E501
           ^^^^^^^^^^^^^^^^^^^^^^^^^^^^^^^^^^^^^^^^^^^^
  File "D:\CrewLab - Copy\backend\venv\Lib\site-packages\sqlalchemy\dialects\postgresql\asyncpg.py", line 955, in connect
    await_only(creator_fn(*arg, **kw)),
    ^^^^^^^^^^^^^^^^^^^^^^^^^^^^^^^^^^
  File "D:\CrewLab - Copy\backend\venv\Lib\site-packages\sqlalchemy\util\_concurrency_py3k.py", line 132, in await_only
    return current.parent.switch(awaitable)  # type: ignore[no-any-return,attr-defined] # noqa: E501
           ^^^^^^^^^^^^^^^^^^^^^^^^^^^^^^^^
  File "D:\CrewLab - Copy\backend\venv\Lib\site-packages\sqlalchemy\util\_concurrency_py3k.py", line 196, in greenlet_spawn
    value = await result
            ^^^^^^^^^^^^
  File "D:\CrewLab - Copy\backend\venv\Lib\site-packages\asyncpg\connection.py", line 2443, in connect
    return await connect_utils._connect(
           ^^^^^^^^^^^^^^^^^^^^^^^^^^^^^
  File "D:\CrewLab - Copy\backend\venv\Lib\site-packages\asyncpg\connect_utils.py", line 1249, in _connect
    raise last_error or exceptions.TargetServerAttributeNotMatched(
  File "D:\CrewLab - Copy\backend\venv\Lib\site-packages\asyncpg\connect_utils.py", line 1218, in _connect
    conn = await _connect_addr(
           ^^^^^^^^^^^^^^^^^^^^
  File "D:\CrewLab - Copy\backend\venv\Lib\site-packages\asyncpg\connect_utils.py", line 1054, in _connect_addr
    return await __connect_addr(params, True, *args)
           ^^^^^^^^^^^^^^^^^^^^^^^^^^^^^^^^^^^^^^^^^
  File "D:\CrewLab - Copy\backend\venv\Lib\site-packages\asyncpg\connect_utils.py", line 1099, in __connect_addr
    tr, pr = await connector
             ^^^^^^^^^^^^^^^
  File "D:\CrewLab - Copy\backend\venv\Lib\site-packages\asyncpg\connect_utils.py", line 969, in _create_ssl_connection
    tr, pr = await loop.create_connection(
             ^^^^^^^^^^^^^^^^^^^^^^^^^^^^^
  File "C:\Users\hi\AppData\Local\Programs\Python\Python312\Lib\asyncio\base_events.py", line 1132, in create_connection
    raise exceptions[0]
  File "C:\Users\hi\AppData\Local\Programs\Python\Python312\Lib\asyncio\base_events.py", line 1107, in create_connection
    sock = await self._connect_sock(
           ^^^^^^^^^^^^^^^^^^^^^^^^^
  File "C:\Users\hi\AppData\Local\Programs\Python\Python312\Lib\asyncio\base_events.py", line 1010, in _connect_sock
    await self.sock_connect(sock, address)
  File "C:\Users\hi\AppData\Local\Programs\Python\Python312\Lib\asyncio\proactor_events.py", line 729, in sock_connect
    return await self._proactor.connect(sock, address)
           ^^^^^^^^^^^^^^^^^^^^^^^^^^^^^^^^^^^^^^^^^^^
  File "C:\Users\hi\AppData\Local\Programs\Python\Python312\Lib\asyncio\windows_events.py", line 803, in _poll
    value = callback(transferred, key, ov)
            ^^^^^^^^^^^^^^^^^^^^^^^^^^^^^^
  File "C:\Users\hi\AppData\Local\Programs\Python\Python312\Lib\asyncio\windows_events.py", line 599, in finish_connect
    ov.getresult()
PermissionError: [WinError 5] Access is denied
[2026-08-03 05:00:00,014: INFO/MainProcess] Task check_scheduled_cycles[7c6e0c9e-2435-4b3b-873d-3e1340920c3c] received
[2026-08-03 05:00:00,085: ERROR/MainProcess] Task check_scheduled_cycles[7c6e0c9e-2435-4b3b-873d-3e1340920c3c] raised unexpected: PermissionError(13, 'Access is denied', None, 5, None)
Traceback (most recent call last):
  File "D:\CrewLab - Copy\backend\venv\Lib\site-packages\celery\app\trace.py", line 585, in trace_task
    R = retval = fun(*args, **kwargs)
                 ^^^^^^^^^^^^^^^^^^^^
  File "D:\CrewLab - Copy\backend\venv\Lib\site-packages\celery\app\trace.py", line 858, in __protected_call__
    return self.run(*args, **kwargs)
           ^^^^^^^^^^^^^^^^^^^^^^^^^
  File "D:\CrewLab - Copy\backend\app\tasks\orchestrator_tasks.py", line 131, in check_scheduled_cycles
    run_async(_run())
  File "D:\CrewLab - Copy\backend\app\tasks\orchestrator_tasks.py", line 39, in run_async
    return loop.run_until_complete(coro)
           ^^^^^^^^^^^^^^^^^^^^^^^^^^^^^
  File "C:\Users\hi\AppData\Local\Programs\Python\Python312\Lib\asyncio\base_events.py", line 691, in run_until_complete
    return future.result()
           ^^^^^^^^^^^^^^^
  File "D:\CrewLab - Copy\backend\app\tasks\orchestrator_tasks.py", line 118, in _run
    result = await session.execute(stmt)
             ^^^^^^^^^^^^^^^^^^^^^^^^^^^
  File "D:\CrewLab - Copy\backend\venv\Lib\site-packages\sqlalchemy\ext\asyncio\session.py", line 448, in execute
    result = await greenlet_spawn(
             ^^^^^^^^^^^^^^^^^^^^^
  File "D:\CrewLab - Copy\backend\venv\Lib\site-packages\sqlalchemy\util\_concurrency_py3k.py", line 201, in greenlet_spawn
    result = context.throw(*sys.exc_info())
             ^^^^^^^^^^^^^^^^^^^^^^^^^^^^^^
  File "D:\CrewLab - Copy\backend\venv\Lib\site-packages\sqlalchemy\orm\session.py", line 2373, in execute
    return self._execute_internal(
           ^^^^^^^^^^^^^^^^^^^^^^^
  File "D:\CrewLab - Copy\backend\venv\Lib\site-packages\sqlalchemy\orm\session.py", line 2261, in _execute_internal
    conn = self._connection_for_bind(bind)
           ^^^^^^^^^^^^^^^^^^^^^^^^^^^^^^^
  File "D:\CrewLab - Copy\backend\venv\Lib\site-packages\sqlalchemy\orm\session.py", line 2113, in _connection_for_bind
    return trans._connection_for_bind(engine, execution_options)
           ^^^^^^^^^^^^^^^^^^^^^^^^^^^^^^^^^^^^^^^^^^^^^^^^^^^^^
  File "<string>", line 2, in _connection_for_bind
  File "D:\CrewLab - Copy\backend\venv\Lib\site-packages\sqlalchemy\orm\state_changes.py", line 137, in _go
    ret_value = fn(self, *arg, **kw)
                ^^^^^^^^^^^^^^^^^^^^
  File "D:\CrewLab - Copy\backend\venv\Lib\site-packages\sqlalchemy\orm\session.py", line 1191, in _connection_for_bind
    conn = bind.connect()
           ^^^^^^^^^^^^^^
  File "D:\CrewLab - Copy\backend\venv\Lib\site-packages\sqlalchemy\engine\base.py", line 3295, in connect
    return self._connection_cls(self)
           ^^^^^^^^^^^^^^^^^^^^^^^^^^
  File "D:\CrewLab - Copy\backend\venv\Lib\site-packages\sqlalchemy\engine\base.py", line 144, in __init__
    self._dbapi_connection = engine.raw_connection()
                             ^^^^^^^^^^^^^^^^^^^^^^^
  File "D:\CrewLab - Copy\backend\venv\Lib\site-packages\sqlalchemy\engine\base.py", line 3319, in raw_connection
    return self.pool.connect()
           ^^^^^^^^^^^^^^^^^^^
  File "D:\CrewLab - Copy\backend\venv\Lib\site-packages\sqlalchemy\pool\base.py", line 448, in connect
    return _ConnectionFairy._checkout(self)
           ^^^^^^^^^^^^^^^^^^^^^^^^^^^^^^^^
  File "D:\CrewLab - Copy\backend\venv\Lib\site-packages\sqlalchemy\pool\base.py", line 1272, in _checkout
    fairy = _ConnectionRecord.checkout(pool)
            ^^^^^^^^^^^^^^^^^^^^^^^^^^^^^^^^
  File "D:\CrewLab - Copy\backend\venv\Lib\site-packages\sqlalchemy\pool\base.py", line 712, in checkout
    rec = pool._do_get()
          ^^^^^^^^^^^^^^
  File "D:\CrewLab - Copy\backend\venv\Lib\site-packages\sqlalchemy\pool\impl.py", line 178, in _do_get
    with util.safe_reraise():
         ^^^^^^^^^^^^^^^^^^^
  File "D:\CrewLab - Copy\backend\venv\Lib\site-packages\sqlalchemy\util\langhelpers.py", line 122, in __exit__
    raise exc_value.with_traceback(exc_tb)
  File "D:\CrewLab - Copy\backend\venv\Lib\site-packages\sqlalchemy\pool\impl.py", line 176, in _do_get
    return self._create_connection()
           ^^^^^^^^^^^^^^^^^^^^^^^^^
  File "D:\CrewLab - Copy\backend\venv\Lib\site-packages\sqlalchemy\pool\base.py", line 389, in _create_connection
    return _ConnectionRecord(self)
           ^^^^^^^^^^^^^^^^^^^^^^^
  File "D:\CrewLab - Copy\backend\venv\Lib\site-packages\sqlalchemy\pool\base.py", line 674, in __init__
    self.__connect()
  File "D:\CrewLab - Copy\backend\venv\Lib\site-packages\sqlalchemy\pool\base.py", line 900, in __connect
    with util.safe_reraise():
         ^^^^^^^^^^^^^^^^^^^
  File "D:\CrewLab - Copy\backend\venv\Lib\site-packages\sqlalchemy\util\langhelpers.py", line 122, in __exit__
    raise exc_value.with_traceback(exc_tb)
  File "D:\CrewLab - Copy\backend\venv\Lib\site-packages\sqlalchemy\pool\base.py", line 896, in __connect
    self.dbapi_connection = connection = pool._invoke_creator(self)
                                         ^^^^^^^^^^^^^^^^^^^^^^^^^^
  File "D:\CrewLab - Copy\backend\venv\Lib\site-packages\sqlalchemy\engine\create.py", line 667, in connect
    return dialect.connect(*cargs_tup, **cparams)
           ^^^^^^^^^^^^^^^^^^^^^^^^^^^^^^^^^^^^^^
  File "D:\CrewLab - Copy\backend\venv\Lib\site-packages\sqlalchemy\engine\default.py", line 630, in connect
    return self.loaded_dbapi.connect(*cargs, **cparams)  # type: ignore[no-any-return]  # NOQA: E501
           ^^^^^^^^^^^^^^^^^^^^^^^^^^^^^^^^^^^^^^^^^^^^
  File "D:\CrewLab - Copy\backend\venv\Lib\site-packages\sqlalchemy\dialects\postgresql\asyncpg.py", line 955, in connect
    await_only(creator_fn(*arg, **kw)),
    ^^^^^^^^^^^^^^^^^^^^^^^^^^^^^^^^^^
  File "D:\CrewLab - Copy\backend\venv\Lib\site-packages\sqlalchemy\util\_concurrency_py3k.py", line 132, in await_only
    return current.parent.switch(awaitable)  # type: ignore[no-any-return,attr-defined] # noqa: E501
           ^^^^^^^^^^^^^^^^^^^^^^^^^^^^^^^^
  File "D:\CrewLab - Copy\backend\venv\Lib\site-packages\sqlalchemy\util\_concurrency_py3k.py", line 196, in greenlet_spawn
    value = await result
            ^^^^^^^^^^^^
  File "D:\CrewLab - Copy\backend\venv\Lib\site-packages\asyncpg\connection.py", line 2443, in connect
    return await connect_utils._connect(
           ^^^^^^^^^^^^^^^^^^^^^^^^^^^^^
  File "D:\CrewLab - Copy\backend\venv\Lib\site-packages\asyncpg\connect_utils.py", line 1249, in _connect
    raise last_error or exceptions.TargetServerAttributeNotMatched(
  File "D:\CrewLab - Copy\backend\venv\Lib\site-packages\asyncpg\connect_utils.py", line 1218, in _connect
    conn = await _connect_addr(
           ^^^^^^^^^^^^^^^^^^^^
  File "D:\CrewLab - Copy\backend\venv\Lib\site-packages\asyncpg\connect_utils.py", line 1054, in _connect_addr
    return await __connect_addr(params, True, *args)
           ^^^^^^^^^^^^^^^^^^^^^^^^^^^^^^^^^^^^^^^^^
  File "D:\CrewLab - Copy\backend\venv\Lib\site-packages\asyncpg\connect_utils.py", line 1099, in __connect_addr
    tr, pr = await connector
             ^^^^^^^^^^^^^^^
  File "D:\CrewLab - Copy\backend\venv\Lib\site-packages\asyncpg\connect_utils.py", line 969, in _create_ssl_connection
    tr, pr = await loop.create_connection(
             ^^^^^^^^^^^^^^^^^^^^^^^^^^^^^
  File "C:\Users\hi\AppData\Local\Programs\Python\Python312\Lib\asyncio\base_events.py", line 1132, in create_connection
    raise exceptions[0]
  File "C:\Users\hi\AppData\Local\Programs\Python\Python312\Lib\asyncio\base_events.py", line 1107, in create_connection
    sock = await self._connect_sock(
           ^^^^^^^^^^^^^^^^^^^^^^^^^
  File "C:\Users\hi\AppData\Local\Programs\Python\Python312\Lib\asyncio\base_events.py", line 1010, in _connect_sock
    await self.sock_connect(sock, address)
  File "C:\Users\hi\AppData\Local\Programs\Python\Python312\Lib\asyncio\proactor_events.py", line 729, in sock_connect
    return await self._proactor.connect(sock, address)
           ^^^^^^^^^^^^^^^^^^^^^^^^^^^^^^^^^^^^^^^^^^^
  File "C:\Users\hi\AppData\Local\Programs\Python\Python312\Lib\asyncio\windows_events.py", line 803, in _poll
    value = callback(transferred, key, ov)
            ^^^^^^^^^^^^^^^^^^^^^^^^^^^^^^
  File "C:\Users\hi\AppData\Local\Programs\Python\Python312\Lib\asyncio\windows_events.py", line 599, in finish_connect
    ov.getresult()
PermissionError: [WinError 5] Access is denied
[2026-08-03 05:00:00,101: INFO/MainProcess] Task check_asset_request_expiry[6052041d-aca7-479a-aa54-fe3e98ec27bb] received
[2026-08-03 05:00:00,117: ERROR/MainProcess] Task check_asset_request_expiry[6052041d-aca7-479a-aa54-fe3e98ec27bb] raised unexpected: PermissionError(13, 'Access is denied', None, 5, None)
Traceback (most recent call last):
  File "D:\CrewLab - Copy\backend\venv\Lib\site-packages\celery\app\trace.py", line 585, in trace_task
    R = retval = fun(*args, **kwargs)
                 ^^^^^^^^^^^^^^^^^^^^
  File "D:\CrewLab - Copy\backend\venv\Lib\site-packages\celery\app\trace.py", line 858, in __protected_call__
    return self.run(*args, **kwargs)
           ^^^^^^^^^^^^^^^^^^^^^^^^^
  File "D:\CrewLab - Copy\backend\app\tasks\orchestrator_tasks.py", line 201, in check_asset_request_expiry
    run_async(_run())
  File "D:\CrewLab - Copy\backend\app\tasks\orchestrator_tasks.py", line 39, in run_async
    return loop.run_until_complete(coro)
           ^^^^^^^^^^^^^^^^^^^^^^^^^^^^^
  File "C:\Users\hi\AppData\Local\Programs\Python\Python312\Lib\asyncio\base_events.py", line 691, in run_until_complete
    return future.result()
           ^^^^^^^^^^^^^^^
  File "D:\CrewLab - Copy\backend\app\tasks\orchestrator_tasks.py", line 199, in _run
    await expire_asset_requests(session)
  File "D:\CrewLab - Copy\backend\app\tasks\orchestrator_tasks.py", line 145, in expire_asset_requests
    requests = (await session.execute(stmt)).scalars().all()
                ^^^^^^^^^^^^^^^^^^^^^^^^^^^
  File "D:\CrewLab - Copy\backend\venv\Lib\site-packages\sqlalchemy\ext\asyncio\session.py", line 448, in execute
    result = await greenlet_spawn(
             ^^^^^^^^^^^^^^^^^^^^^
  File "D:\CrewLab - Copy\backend\venv\Lib\site-packages\sqlalchemy\util\_concurrency_py3k.py", line 201, in greenlet_spawn
    result = context.throw(*sys.exc_info())
             ^^^^^^^^^^^^^^^^^^^^^^^^^^^^^^
  File "D:\CrewLab - Copy\backend\venv\Lib\site-packages\sqlalchemy\orm\session.py", line 2373, in execute
    return self._execute_internal(
           ^^^^^^^^^^^^^^^^^^^^^^^
  File "D:\CrewLab - Copy\backend\venv\Lib\site-packages\sqlalchemy\orm\session.py", line 2261, in _execute_internal
    conn = self._connection_for_bind(bind)
           ^^^^^^^^^^^^^^^^^^^^^^^^^^^^^^^
  File "D:\CrewLab - Copy\backend\venv\Lib\site-packages\sqlalchemy\orm\session.py", line 2113, in _connection_for_bind
    return trans._connection_for_bind(engine, execution_options)
           ^^^^^^^^^^^^^^^^^^^^^^^^^^^^^^^^^^^^^^^^^^^^^^^^^^^^^
  File "<string>", line 2, in _connection_for_bind
  File "D:\CrewLab - Copy\backend\venv\Lib\site-packages\sqlalchemy\orm\state_changes.py", line 137, in _go
    ret_value = fn(self, *arg, **kw)
                ^^^^^^^^^^^^^^^^^^^^
  File "D:\CrewLab - Copy\backend\venv\Lib\site-packages\sqlalchemy\orm\session.py", line 1191, in _connection_for_bind
    conn = bind.connect()
           ^^^^^^^^^^^^^^
  File "D:\CrewLab - Copy\backend\venv\Lib\site-packages\sqlalchemy\engine\base.py", line 3295, in connect
    return self._connection_cls(self)
           ^^^^^^^^^^^^^^^^^^^^^^^^^^
  File "D:\CrewLab - Copy\backend\venv\Lib\site-packages\sqlalchemy\engine\base.py", line 144, in __init__
    self._dbapi_connection = engine.raw_connection()
                             ^^^^^^^^^^^^^^^^^^^^^^^
  File "D:\CrewLab - Copy\backend\venv\Lib\site-packages\sqlalchemy\engine\base.py", line 3319, in raw_connection
    return self.pool.connect()
           ^^^^^^^^^^^^^^^^^^^
  File "D:\CrewLab - Copy\backend\venv\Lib\site-packages\sqlalchemy\pool\base.py", line 448, in connect
    return _ConnectionFairy._checkout(self)
           ^^^^^^^^^^^^^^^^^^^^^^^^^^^^^^^^
  File "D:\CrewLab - Copy\backend\venv\Lib\site-packages\sqlalchemy\pool\base.py", line 1272, in _checkout
    fairy = _ConnectionRecord.checkout(pool)
            ^^^^^^^^^^^^^^^^^^^^^^^^^^^^^^^^
  File "D:\CrewLab - Copy\backend\venv\Lib\site-packages\sqlalchemy\pool\base.py", line 712, in checkout
    rec = pool._do_get()
          ^^^^^^^^^^^^^^
  File "D:\CrewLab - Copy\backend\venv\Lib\site-packages\sqlalchemy\pool\impl.py", line 178, in _do_get
    with util.safe_reraise():
         ^^^^^^^^^^^^^^^^^^^
  File "D:\CrewLab - Copy\backend\venv\Lib\site-packages\sqlalchemy\util\langhelpers.py", line 122, in __exit__
    raise exc_value.with_traceback(exc_tb)
  File "D:\CrewLab - Copy\backend\venv\Lib\site-packages\sqlalchemy\pool\impl.py", line 176, in _do_get
    return self._create_connection()
           ^^^^^^^^^^^^^^^^^^^^^^^^^
  File "D:\CrewLab - Copy\backend\venv\Lib\site-packages\sqlalchemy\pool\base.py", line 389, in _create_connection
    return _ConnectionRecord(self)
           ^^^^^^^^^^^^^^^^^^^^^^^
  File "D:\CrewLab - Copy\backend\venv\Lib\site-packages\sqlalchemy\pool\base.py", line 674, in __init__
    self.__connect()
  File "D:\CrewLab - Copy\backend\venv\Lib\site-packages\sqlalchemy\pool\base.py", line 900, in __connect
    with util.safe_reraise():
         ^^^^^^^^^^^^^^^^^^^
  File "D:\CrewLab - Copy\backend\venv\Lib\site-packages\sqlalchemy\util\langhelpers.py", line 122, in __exit__
    raise exc_value.with_traceback(exc_tb)
  File "D:\CrewLab - Copy\backend\venv\Lib\site-packages\sqlalchemy\pool\base.py", line 896, in __connect
    self.dbapi_connection = connection = pool._invoke_creator(self)
                                         ^^^^^^^^^^^^^^^^^^^^^^^^^^
  File "D:\CrewLab - Copy\backend\venv\Lib\site-packages\sqlalchemy\engine\create.py", line 667, in connect
    return dialect.connect(*cargs_tup, **cparams)
           ^^^^^^^^^^^^^^^^^^^^^^^^^^^^^^^^^^^^^^
  File "D:\CrewLab - Copy\backend\venv\Lib\site-packages\sqlalchemy\engine\default.py", line 630, in connect
    return self.loaded_dbapi.connect(*cargs, **cparams)  # type: ignore[no-any-return]  # NOQA: E501
           ^^^^^^^^^^^^^^^^^^^^^^^^^^^^^^^^^^^^^^^^^^^^
  File "D:\CrewLab - Copy\backend\venv\Lib\site-packages\sqlalchemy\dialects\postgresql\asyncpg.py", line 955, in connect
    await_only(creator_fn(*arg, **kw)),
    ^^^^^^^^^^^^^^^^^^^^^^^^^^^^^^^^^^
  File "D:\CrewLab - Copy\backend\venv\Lib\site-packages\sqlalchemy\util\_concurrency_py3k.py", line 132, in await_only
    return current.parent.switch(awaitable)  # type: ignore[no-any-return,attr-defined] # noqa: E501
           ^^^^^^^^^^^^^^^^^^^^^^^^^^^^^^^^
  File "D:\CrewLab - Copy\backend\venv\Lib\site-packages\sqlalchemy\util\_concurrency_py3k.py", line 196, in greenlet_spawn
    value = await result
            ^^^^^^^^^^^^
  File "D:\CrewLab - Copy\backend\venv\Lib\site-packages\asyncpg\connection.py", line 2443, in connect
    return await connect_utils._connect(
           ^^^^^^^^^^^^^^^^^^^^^^^^^^^^^
  File "D:\CrewLab - Copy\backend\venv\Lib\site-packages\asyncpg\connect_utils.py", line 1249, in _connect
    raise last_error or exceptions.TargetServerAttributeNotMatched(
  File "D:\CrewLab - Copy\backend\venv\Lib\site-packages\asyncpg\connect_utils.py", line 1218, in _connect
    conn = await _connect_addr(
           ^^^^^^^^^^^^^^^^^^^^
  File "D:\CrewLab - Copy\backend\venv\Lib\site-packages\asyncpg\connect_utils.py", line 1054, in _connect_addr
    return await __connect_addr(params, True, *args)
           ^^^^^^^^^^^^^^^^^^^^^^^^^^^^^^^^^^^^^^^^^
  File "D:\CrewLab - Copy\backend\venv\Lib\site-packages\asyncpg\connect_utils.py", line 1099, in __connect_addr
    tr, pr = await connector
             ^^^^^^^^^^^^^^^
  File "D:\CrewLab - Copy\backend\venv\Lib\site-packages\asyncpg\connect_utils.py", line 969, in _create_ssl_connection
    tr, pr = await loop.create_connection(
             ^^^^^^^^^^^^^^^^^^^^^^^^^^^^^
  File "C:\Users\hi\AppData\Local\Programs\Python\Python312\Lib\asyncio\base_events.py", line 1132, in create_connection
    raise exceptions[0]
  File "C:\Users\hi\AppData\Local\Programs\Python\Python312\Lib\asyncio\base_events.py", line 1107, in create_connection
    sock = await self._connect_sock(
           ^^^^^^^^^^^^^^^^^^^^^^^^^
  File "C:\Users\hi\AppData\Local\Programs\Python\Python312\Lib\asyncio\base_events.py", line 1010, in _connect_sock
    await self.sock_connect(sock, address)
  File "C:\Users\hi\AppData\Local\Programs\Python\Python312\Lib\asyncio\proactor_events.py", line 729, in sock_connect
    return await self._proactor.connect(sock, address)
           ^^^^^^^^^^^^^^^^^^^^^^^^^^^^^^^^^^^^^^^^^^^
  File "C:\Users\hi\AppData\Local\Programs\Python\Python312\Lib\asyncio\windows_events.py", line 803, in _poll
    value = callback(transferred, key, ov)
            ^^^^^^^^^^^^^^^^^^^^^^^^^^^^^^
  File "C:\Users\hi\AppData\Local\Programs\Python\Python312\Lib\asyncio\windows_events.py", line 599, in finish_connect
    ov.getresult()
PermissionError: [WinError 5] Access is denied
[2026-08-03 05:15:00,009: INFO/MainProcess] Task check_scheduled_cycles[c4b742fa-0f65-4fa2-88fc-c7f3ccf8fbca] received
[2026-08-03 05:15:00,085: ERROR/MainProcess] Task check_scheduled_cycles[c4b742fa-0f65-4fa2-88fc-c7f3ccf8fbca] raised unexpected: PermissionError(13, 'Access is denied', None, 5, None)
Traceback (most recent call last):
  File "D:\CrewLab - Copy\backend\venv\Lib\site-packages\celery\app\trace.py", line 585, in trace_task
    R = retval = fun(*args, **kwargs)
                 ^^^^^^^^^^^^^^^^^^^^
  File "D:\CrewLab - Copy\backend\venv\Lib\site-packages\celery\app\trace.py", line 858, in __protected_call__
    return self.run(*args, **kwargs)
           ^^^^^^^^^^^^^^^^^^^^^^^^^
  File "D:\CrewLab - Copy\backend\app\tasks\orchestrator_tasks.py", line 131, in check_scheduled_cycles
    run_async(_run())
  File "D:\CrewLab - Copy\backend\app\tasks\orchestrator_tasks.py", line 39, in run_async
    return loop.run_until_complete(coro)
           ^^^^^^^^^^^^^^^^^^^^^^^^^^^^^
  File "C:\Users\hi\AppData\Local\Programs\Python\Python312\Lib\asyncio\base_events.py", line 691, in run_until_complete
    return future.result()
           ^^^^^^^^^^^^^^^
  File "D:\CrewLab - Copy\backend\app\tasks\orchestrator_tasks.py", line 118, in _run
    result = await session.execute(stmt)
             ^^^^^^^^^^^^^^^^^^^^^^^^^^^
  File "D:\CrewLab - Copy\backend\venv\Lib\site-packages\sqlalchemy\ext\asyncio\session.py", line 448, in execute
    result = await greenlet_spawn(
             ^^^^^^^^^^^^^^^^^^^^^
  File "D:\CrewLab - Copy\backend\venv\Lib\site-packages\sqlalchemy\util\_concurrency_py3k.py", line 201, in greenlet_spawn
    result = context.throw(*sys.exc_info())
             ^^^^^^^^^^^^^^^^^^^^^^^^^^^^^^
  File "D:\CrewLab - Copy\backend\venv\Lib\site-packages\sqlalchemy\orm\session.py", line 2373, in execute
    return self._execute_internal(
           ^^^^^^^^^^^^^^^^^^^^^^^
  File "D:\CrewLab - Copy\backend\venv\Lib\site-packages\sqlalchemy\orm\session.py", line 2261, in _execute_internal
    conn = self._connection_for_bind(bind)
           ^^^^^^^^^^^^^^^^^^^^^^^^^^^^^^^
  File "D:\CrewLab - Copy\backend\venv\Lib\site-packages\sqlalchemy\orm\session.py", line 2113, in _connection_for_bind
    return trans._connection_for_bind(engine, execution_options)
           ^^^^^^^^^^^^^^^^^^^^^^^^^^^^^^^^^^^^^^^^^^^^^^^^^^^^^
  File "<string>", line 2, in _connection_for_bind
  File "D:\CrewLab - Copy\backend\venv\Lib\site-packages\sqlalchemy\orm\state_changes.py", line 137, in _go
    ret_value = fn(self, *arg, **kw)
                ^^^^^^^^^^^^^^^^^^^^
  File "D:\CrewLab - Copy\backend\venv\Lib\site-packages\sqlalchemy\orm\session.py", line 1191, in _connection_for_bind
    conn = bind.connect()
           ^^^^^^^^^^^^^^
  File "D:\CrewLab - Copy\backend\venv\Lib\site-packages\sqlalchemy\engine\base.py", line 3295, in connect
    return self._connection_cls(self)
           ^^^^^^^^^^^^^^^^^^^^^^^^^^
  File "D:\CrewLab - Copy\backend\venv\Lib\site-packages\sqlalchemy\engine\base.py", line 144, in __init__
    self._dbapi_connection = engine.raw_connection()
                             ^^^^^^^^^^^^^^^^^^^^^^^
  File "D:\CrewLab - Copy\backend\venv\Lib\site-packages\sqlalchemy\engine\base.py", line 3319, in raw_connection
    return self.pool.connect()
           ^^^^^^^^^^^^^^^^^^^
  File "D:\CrewLab - Copy\backend\venv\Lib\site-packages\sqlalchemy\pool\base.py", line 448, in connect
    return _ConnectionFairy._checkout(self)
           ^^^^^^^^^^^^^^^^^^^^^^^^^^^^^^^^
  File "D:\CrewLab - Copy\backend\venv\Lib\site-packages\sqlalchemy\pool\base.py", line 1272, in _checkout
    fairy = _ConnectionRecord.checkout(pool)
            ^^^^^^^^^^^^^^^^^^^^^^^^^^^^^^^^
  File "D:\CrewLab - Copy\backend\venv\Lib\site-packages\sqlalchemy\pool\base.py", line 712, in checkout
    rec = pool._do_get()
          ^^^^^^^^^^^^^^
  File "D:\CrewLab - Copy\backend\venv\Lib\site-packages\sqlalchemy\pool\impl.py", line 178, in _do_get
    with util.safe_reraise():
         ^^^^^^^^^^^^^^^^^^^
  File "D:\CrewLab - Copy\backend\venv\Lib\site-packages\sqlalchemy\util\langhelpers.py", line 122, in __exit__
    raise exc_value.with_traceback(exc_tb)
  File "D:\CrewLab - Copy\backend\venv\Lib\site-packages\sqlalchemy\pool\impl.py", line 176, in _do_get
    return self._create_connection()
           ^^^^^^^^^^^^^^^^^^^^^^^^^
  File "D:\CrewLab - Copy\backend\venv\Lib\site-packages\sqlalchemy\pool\base.py", line 389, in _create_connection
    return _ConnectionRecord(self)
           ^^^^^^^^^^^^^^^^^^^^^^^
  File "D:\CrewLab - Copy\backend\venv\Lib\site-packages\sqlalchemy\pool\base.py", line 674, in __init__
    self.__connect()
  File "D:\CrewLab - Copy\backend\venv\Lib\site-packages\sqlalchemy\pool\base.py", line 900, in __connect
    with util.safe_reraise():
         ^^^^^^^^^^^^^^^^^^^
  File "D:\CrewLab - Copy\backend\venv\Lib\site-packages\sqlalchemy\util\langhelpers.py", line 122, in __exit__
    raise exc_value.with_traceback(exc_tb)
  File "D:\CrewLab - Copy\backend\venv\Lib\site-packages\sqlalchemy\pool\base.py", line 896, in __connect
    self.dbapi_connection = connection = pool._invoke_creator(self)
                                         ^^^^^^^^^^^^^^^^^^^^^^^^^^
  File "D:\CrewLab - Copy\backend\venv\Lib\site-packages\sqlalchemy\engine\create.py", line 667, in connect
    return dialect.connect(*cargs_tup, **cparams)
           ^^^^^^^^^^^^^^^^^^^^^^^^^^^^^^^^^^^^^^
  File "D:\CrewLab - Copy\backend\venv\Lib\site-packages\sqlalchemy\engine\default.py", line 630, in connect
    return self.loaded_dbapi.connect(*cargs, **cparams)  # type: ignore[no-any-return]  # NOQA: E501
           ^^^^^^^^^^^^^^^^^^^^^^^^^^^^^^^^^^^^^^^^^^^^
  File "D:\CrewLab - Copy\backend\venv\Lib\site-packages\sqlalchemy\dialects\postgresql\asyncpg.py", line 955, in connect
    await_only(creator_fn(*arg, **kw)),
    ^^^^^^^^^^^^^^^^^^^^^^^^^^^^^^^^^^
  File "D:\CrewLab - Copy\backend\venv\Lib\site-packages\sqlalchemy\util\_concurrency_py3k.py", line 132, in await_only
    return current.parent.switch(awaitable)  # type: ignore[no-any-return,attr-defined] # noqa: E501
           ^^^^^^^^^^^^^^^^^^^^^^^^^^^^^^^^
  File "D:\CrewLab - Copy\backend\venv\Lib\site-packages\sqlalchemy\util\_concurrency_py3k.py", line 196, in greenlet_spawn
    value = await result
            ^^^^^^^^^^^^
  File "D:\CrewLab - Copy\backend\venv\Lib\site-packages\asyncpg\connection.py", line 2443, in connect
    return await connect_utils._connect(
           ^^^^^^^^^^^^^^^^^^^^^^^^^^^^^
  File "D:\CrewLab - Copy\backend\venv\Lib\site-packages\asyncpg\connect_utils.py", line 1249, in _connect
    raise last_error or exceptions.TargetServerAttributeNotMatched(
  File "D:\CrewLab - Copy\backend\venv\Lib\site-packages\asyncpg\connect_utils.py", line 1218, in _connect
    conn = await _connect_addr(
           ^^^^^^^^^^^^^^^^^^^^
  File "D:\CrewLab - Copy\backend\venv\Lib\site-packages\asyncpg\connect_utils.py", line 1054, in _connect_addr
    return await __connect_addr(params, True, *args)
           ^^^^^^^^^^^^^^^^^^^^^^^^^^^^^^^^^^^^^^^^^
  File "D:\CrewLab - Copy\backend\venv\Lib\site-packages\asyncpg\connect_utils.py", line 1099, in __connect_addr
    tr, pr = await connector
             ^^^^^^^^^^^^^^^
  File "D:\CrewLab - Copy\backend\venv\Lib\site-packages\asyncpg\connect_utils.py", line 969, in _create_ssl_connection
    tr, pr = await loop.create_connection(
             ^^^^^^^^^^^^^^^^^^^^^^^^^^^^^
  File "C:\Users\hi\AppData\Local\Programs\Python\Python312\Lib\asyncio\base_events.py", line 1132, in create_connection
    raise exceptions[0]
  File "C:\Users\hi\AppData\Local\Programs\Python\Python312\Lib\asyncio\base_events.py", line 1107, in create_connection
    sock = await self._connect_sock(
           ^^^^^^^^^^^^^^^^^^^^^^^^^
  File "C:\Users\hi\AppData\Local\Programs\Python\Python312\Lib\asyncio\base_events.py", line 1010, in _connect_sock
    await self.sock_connect(sock, address)
  File "C:\Users\hi\AppData\Local\Programs\Python\Python312\Lib\asyncio\proactor_events.py", line 729, in sock_connect
    return await self._proactor.connect(sock, address)
           ^^^^^^^^^^^^^^^^^^^^^^^^^^^^^^^^^^^^^^^^^^^
  File "C:\Users\hi\AppData\Local\Programs\Python\Python312\Lib\asyncio\windows_events.py", line 803, in _poll
    value = callback(transferred, key, ov)
            ^^^^^^^^^^^^^^^^^^^^^^^^^^^^^^
  File "C:\Users\hi\AppData\Local\Programs\Python\Python312\Lib\asyncio\windows_events.py", line 599, in finish_connect
    ov.getresult()
PermissionError: [WinError 5] Access is denied
[2026-08-03 05:30:00,018: INFO/MainProcess] Task check_scheduled_cycles[eae18600-224b-4238-92b9-8da99e0c1903] received
[2026-08-03 05:30:00,103: ERROR/MainProcess] Task check_scheduled_cycles[eae18600-224b-4238-92b9-8da99e0c1903] raised unexpected: PermissionError(13, 'Access is denied', None, 5, None)
Traceback (most recent call last):
  File "D:\CrewLab - Copy\backend\venv\Lib\site-packages\celery\app\trace.py", line 585, in trace_task
    R = retval = fun(*args, **kwargs)
                 ^^^^^^^^^^^^^^^^^^^^
  File "D:\CrewLab - Copy\backend\venv\Lib\site-packages\celery\app\trace.py", line 858, in __protected_call__
    return self.run(*args, **kwargs)
           ^^^^^^^^^^^^^^^^^^^^^^^^^
  File "D:\CrewLab - Copy\backend\app\tasks\orchestrator_tasks.py", line 131, in check_scheduled_cycles
    run_async(_run())
  File "D:\CrewLab - Copy\backend\app\tasks\orchestrator_tasks.py", line 39, in run_async
    return loop.run_until_complete(coro)
           ^^^^^^^^^^^^^^^^^^^^^^^^^^^^^
  File "C:\Users\hi\AppData\Local\Programs\Python\Python312\Lib\asyncio\base_events.py", line 691, in run_until_complete
    return future.result()
           ^^^^^^^^^^^^^^^
  File "D:\CrewLab - Copy\backend\app\tasks\orchestrator_tasks.py", line 118, in _run
    result = await session.execute(stmt)
             ^^^^^^^^^^^^^^^^^^^^^^^^^^^
  File "D:\CrewLab - Copy\backend\venv\Lib\site-packages\sqlalchemy\ext\asyncio\session.py", line 448, in execute
    result = await greenlet_spawn(
             ^^^^^^^^^^^^^^^^^^^^^
  File "D:\CrewLab - Copy\backend\venv\Lib\site-packages\sqlalchemy\util\_concurrency_py3k.py", line 201, in greenlet_spawn
    result = context.throw(*sys.exc_info())
             ^^^^^^^^^^^^^^^^^^^^^^^^^^^^^^
  File "D:\CrewLab - Copy\backend\venv\Lib\site-packages\sqlalchemy\orm\session.py", line 2373, in execute
    return self._execute_internal(
           ^^^^^^^^^^^^^^^^^^^^^^^
  File "D:\CrewLab - Copy\backend\venv\Lib\site-packages\sqlalchemy\orm\session.py", line 2261, in _execute_internal
    conn = self._connection_for_bind(bind)
           ^^^^^^^^^^^^^^^^^^^^^^^^^^^^^^^
  File "D:\CrewLab - Copy\backend\venv\Lib\site-packages\sqlalchemy\orm\session.py", line 2113, in _connection_for_bind
    return trans._connection_for_bind(engine, execution_options)
           ^^^^^^^^^^^^^^^^^^^^^^^^^^^^^^^^^^^^^^^^^^^^^^^^^^^^^
  File "<string>", line 2, in _connection_for_bind
  File "D:\CrewLab - Copy\backend\venv\Lib\site-packages\sqlalchemy\orm\state_changes.py", line 137, in _go
    ret_value = fn(self, *arg, **kw)
                ^^^^^^^^^^^^^^^^^^^^
  File "D:\CrewLab - Copy\backend\venv\Lib\site-packages\sqlalchemy\orm\session.py", line 1191, in _connection_for_bind
    conn = bind.connect()
           ^^^^^^^^^^^^^^
  File "D:\CrewLab - Copy\backend\venv\Lib\site-packages\sqlalchemy\engine\base.py", line 3295, in connect
    return self._connection_cls(self)
           ^^^^^^^^^^^^^^^^^^^^^^^^^^
  File "D:\CrewLab - Copy\backend\venv\Lib\site-packages\sqlalchemy\engine\base.py", line 144, in __init__
    self._dbapi_connection = engine.raw_connection()
                             ^^^^^^^^^^^^^^^^^^^^^^^
  File "D:\CrewLab - Copy\backend\venv\Lib\site-packages\sqlalchemy\engine\base.py", line 3319, in raw_connection
    return self.pool.connect()
           ^^^^^^^^^^^^^^^^^^^
  File "D:\CrewLab - Copy\backend\venv\Lib\site-packages\sqlalchemy\pool\base.py", line 448, in connect
    return _ConnectionFairy._checkout(self)
           ^^^^^^^^^^^^^^^^^^^^^^^^^^^^^^^^
  File "D:\CrewLab - Copy\backend\venv\Lib\site-packages\sqlalchemy\pool\base.py", line 1272, in _checkout
    fairy = _ConnectionRecord.checkout(pool)
            ^^^^^^^^^^^^^^^^^^^^^^^^^^^^^^^^
  File "D:\CrewLab - Copy\backend\venv\Lib\site-packages\sqlalchemy\pool\base.py", line 712, in checkout
    rec = pool._do_get()
          ^^^^^^^^^^^^^^
  File "D:\CrewLab - Copy\backend\venv\Lib\site-packages\sqlalchemy\pool\impl.py", line 178, in _do_get
    with util.safe_reraise():
         ^^^^^^^^^^^^^^^^^^^
  File "D:\CrewLab - Copy\backend\venv\Lib\site-packages\sqlalchemy\util\langhelpers.py", line 122, in __exit__
    raise exc_value.with_traceback(exc_tb)
  File "D:\CrewLab - Copy\backend\venv\Lib\site-packages\sqlalchemy\pool\impl.py", line 176, in _do_get
    return self._create_connection()
           ^^^^^^^^^^^^^^^^^^^^^^^^^
  File "D:\CrewLab - Copy\backend\venv\Lib\site-packages\sqlalchemy\pool\base.py", line 389, in _create_connection
    return _ConnectionRecord(self)
           ^^^^^^^^^^^^^^^^^^^^^^^
  File "D:\CrewLab - Copy\backend\venv\Lib\site-packages\sqlalchemy\pool\base.py", line 674, in __init__
    self.__connect()
  File "D:\CrewLab - Copy\backend\venv\Lib\site-packages\sqlalchemy\pool\base.py", line 900, in __connect
    with util.safe_reraise():
         ^^^^^^^^^^^^^^^^^^^
  File "D:\CrewLab - Copy\backend\venv\Lib\site-packages\sqlalchemy\util\langhelpers.py", line 122, in __exit__
    raise exc_value.with_traceback(exc_tb)
  File "D:\CrewLab - Copy\backend\venv\Lib\site-packages\sqlalchemy\pool\base.py", line 896, in __connect
    self.dbapi_connection = connection = pool._invoke_creator(self)
                                         ^^^^^^^^^^^^^^^^^^^^^^^^^^
  File "D:\CrewLab - Copy\backend\venv\Lib\site-packages\sqlalchemy\engine\create.py", line 667, in connect
    return dialect.connect(*cargs_tup, **cparams)
           ^^^^^^^^^^^^^^^^^^^^^^^^^^^^^^^^^^^^^^
  File "D:\CrewLab - Copy\backend\venv\Lib\site-packages\sqlalchemy\engine\default.py", line 630, in connect
    return self.loaded_dbapi.connect(*cargs, **cparams)  # type: ignore[no-any-return]  # NOQA: E501
           ^^^^^^^^^^^^^^^^^^^^^^^^^^^^^^^^^^^^^^^^^^^^
  File "D:\CrewLab - Copy\backend\venv\Lib\site-packages\sqlalchemy\dialects\postgresql\asyncpg.py", line 955, in connect
    await_only(creator_fn(*arg, **kw)),
    ^^^^^^^^^^^^^^^^^^^^^^^^^^^^^^^^^^
  File "D:\CrewLab - Copy\backend\venv\Lib\site-packages\sqlalchemy\util\_concurrency_py3k.py", line 132, in await_only
    return current.parent.switch(awaitable)  # type: ignore[no-any-return,attr-defined] # noqa: E501
           ^^^^^^^^^^^^^^^^^^^^^^^^^^^^^^^^
  File "D:\CrewLab - Copy\backend\venv\Lib\site-packages\sqlalchemy\util\_concurrency_py3k.py", line 196, in greenlet_spawn
    value = await result
            ^^^^^^^^^^^^
  File "D:\CrewLab - Copy\backend\venv\Lib\site-packages\asyncpg\connection.py", line 2443, in connect
    return await connect_utils._connect(
           ^^^^^^^^^^^^^^^^^^^^^^^^^^^^^
  File "D:\CrewLab - Copy\backend\venv\Lib\site-packages\asyncpg\connect_utils.py", line 1249, in _connect
    raise last_error or exceptions.TargetServerAttributeNotMatched(
  File "D:\CrewLab - Copy\backend\venv\Lib\site-packages\asyncpg\connect_utils.py", line 1218, in _connect
    conn = await _connect_addr(
           ^^^^^^^^^^^^^^^^^^^^
  File "D:\CrewLab - Copy\backend\venv\Lib\site-packages\asyncpg\connect_utils.py", line 1054, in _connect_addr
    return await __connect_addr(params, True, *args)
           ^^^^^^^^^^^^^^^^^^^^^^^^^^^^^^^^^^^^^^^^^
  File "D:\CrewLab - Copy\backend\venv\Lib\site-packages\asyncpg\connect_utils.py", line 1099, in __connect_addr
    tr, pr = await connector
             ^^^^^^^^^^^^^^^
  File "D:\CrewLab - Copy\backend\venv\Lib\site-packages\asyncpg\connect_utils.py", line 969, in _create_ssl_connection
    tr, pr = await loop.create_connection(
             ^^^^^^^^^^^^^^^^^^^^^^^^^^^^^
  File "C:\Users\hi\AppData\Local\Programs\Python\Python312\Lib\asyncio\base_events.py", line 1132, in create_connection
    raise exceptions[0]
  File "C:\Users\hi\AppData\Local\Programs\Python\Python312\Lib\asyncio\base_events.py", line 1107, in create_connection
    sock = await self._connect_sock(
           ^^^^^^^^^^^^^^^^^^^^^^^^^
  File "C:\Users\hi\AppData\Local\Programs\Python\Python312\Lib\asyncio\base_events.py", line 1010, in _connect_sock
    await self.sock_connect(sock, address)
  File "C:\Users\hi\AppData\Local\Programs\Python\Python312\Lib\asyncio\proactor_events.py", line 729, in sock_connect
    return await self._proactor.connect(sock, address)
           ^^^^^^^^^^^^^^^^^^^^^^^^^^^^^^^^^^^^^^^^^^^
  File "C:\Users\hi\AppData\Local\Programs\Python\Python312\Lib\asyncio\windows_events.py", line 803, in _poll
    value = callback(transferred, key, ov)
            ^^^^^^^^^^^^^^^^^^^^^^^^^^^^^^
  File "C:\Users\hi\AppData\Local\Programs\Python\Python312\Lib\asyncio\windows_events.py", line 599, in finish_connect
    ov.getresult()
PermissionError: [WinError 5] Access is denied
[2026-08-03 05:45:00,011: INFO/MainProcess] Task check_scheduled_cycles[b3adf03f-add3-4f1d-96d7-aa4d57c8acc2] received
[2026-08-03 05:45:00,086: ERROR/MainProcess] Task check_scheduled_cycles[b3adf03f-add3-4f1d-96d7-aa4d57c8acc2] raised unexpected: PermissionError(13, 'Access is denied', None, 5, None)
Traceback (most recent call last):
  File "D:\CrewLab - Copy\backend\venv\Lib\site-packages\celery\app\trace.py", line 585, in trace_task
    R = retval = fun(*args, **kwargs)
                 ^^^^^^^^^^^^^^^^^^^^
  File "D:\CrewLab - Copy\backend\venv\Lib\site-packages\celery\app\trace.py", line 858, in __protected_call__
    return self.run(*args, **kwargs)
           ^^^^^^^^^^^^^^^^^^^^^^^^^
  File "D:\CrewLab - Copy\backend\app\tasks\orchestrator_tasks.py", line 131, in check_scheduled_cycles
    run_async(_run())
  File "D:\CrewLab - Copy\backend\app\tasks\orchestrator_tasks.py", line 39, in run_async
    return loop.run_until_complete(coro)
           ^^^^^^^^^^^^^^^^^^^^^^^^^^^^^
  File "C:\Users\hi\AppData\Local\Programs\Python\Python312\Lib\asyncio\base_events.py", line 691, in run_until_complete
    return future.result()
           ^^^^^^^^^^^^^^^
  File "D:\CrewLab - Copy\backend\app\tasks\orchestrator_tasks.py", line 118, in _run
    result = await session.execute(stmt)
             ^^^^^^^^^^^^^^^^^^^^^^^^^^^
  File "D:\CrewLab - Copy\backend\venv\Lib\site-packages\sqlalchemy\ext\asyncio\session.py", line 448, in execute
    result = await greenlet_spawn(
             ^^^^^^^^^^^^^^^^^^^^^
  File "D:\CrewLab - Copy\backend\venv\Lib\site-packages\sqlalchemy\util\_concurrency_py3k.py", line 201, in greenlet_spawn
    result = context.throw(*sys.exc_info())
             ^^^^^^^^^^^^^^^^^^^^^^^^^^^^^^
  File "D:\CrewLab - Copy\backend\venv\Lib\site-packages\sqlalchemy\orm\session.py", line 2373, in execute
    return self._execute_internal(
           ^^^^^^^^^^^^^^^^^^^^^^^
  File "D:\CrewLab - Copy\backend\venv\Lib\site-packages\sqlalchemy\orm\session.py", line 2261, in _execute_internal
    conn = self._connection_for_bind(bind)
           ^^^^^^^^^^^^^^^^^^^^^^^^^^^^^^^
  File "D:\CrewLab - Copy\backend\venv\Lib\site-packages\sqlalchemy\orm\session.py", line 2113, in _connection_for_bind
    return trans._connection_for_bind(engine, execution_options)
           ^^^^^^^^^^^^^^^^^^^^^^^^^^^^^^^^^^^^^^^^^^^^^^^^^^^^^
  File "<string>", line 2, in _connection_for_bind
  File "D:\CrewLab - Copy\backend\venv\Lib\site-packages\sqlalchemy\orm\state_changes.py", line 137, in _go
    ret_value = fn(self, *arg, **kw)
                ^^^^^^^^^^^^^^^^^^^^
  File "D:\CrewLab - Copy\backend\venv\Lib\site-packages\sqlalchemy\orm\session.py", line 1191, in _connection_for_bind
    conn = bind.connect()
           ^^^^^^^^^^^^^^
  File "D:\CrewLab - Copy\backend\venv\Lib\site-packages\sqlalchemy\engine\base.py", line 3295, in connect
    return self._connection_cls(self)
           ^^^^^^^^^^^^^^^^^^^^^^^^^^
  File "D:\CrewLab - Copy\backend\venv\Lib\site-packages\sqlalchemy\engine\base.py", line 144, in __init__
    self._dbapi_connection = engine.raw_connection()
                             ^^^^^^^^^^^^^^^^^^^^^^^
  File "D:\CrewLab - Copy\backend\venv\Lib\site-packages\sqlalchemy\engine\base.py", line 3319, in raw_connection
    return self.pool.connect()
           ^^^^^^^^^^^^^^^^^^^
  File "D:\CrewLab - Copy\backend\venv\Lib\site-packages\sqlalchemy\pool\base.py", line 448, in connect
    return _ConnectionFairy._checkout(self)
           ^^^^^^^^^^^^^^^^^^^^^^^^^^^^^^^^
  File "D:\CrewLab - Copy\backend\venv\Lib\site-packages\sqlalchemy\pool\base.py", line 1272, in _checkout
    fairy = _ConnectionRecord.checkout(pool)
            ^^^^^^^^^^^^^^^^^^^^^^^^^^^^^^^^
  File "D:\CrewLab - Copy\backend\venv\Lib\site-packages\sqlalchemy\pool\base.py", line 712, in checkout
    rec = pool._do_get()
          ^^^^^^^^^^^^^^
  File "D:\CrewLab - Copy\backend\venv\Lib\site-packages\sqlalchemy\pool\impl.py", line 178, in _do_get
    with util.safe_reraise():
         ^^^^^^^^^^^^^^^^^^^
  File "D:\CrewLab - Copy\backend\venv\Lib\site-packages\sqlalchemy\util\langhelpers.py", line 122, in __exit__
    raise exc_value.with_traceback(exc_tb)
  File "D:\CrewLab - Copy\backend\venv\Lib\site-packages\sqlalchemy\pool\impl.py", line 176, in _do_get
    return self._create_connection()
           ^^^^^^^^^^^^^^^^^^^^^^^^^
  File "D:\CrewLab - Copy\backend\venv\Lib\site-packages\sqlalchemy\pool\base.py", line 389, in _create_connection
    return _ConnectionRecord(self)
           ^^^^^^^^^^^^^^^^^^^^^^^
  File "D:\CrewLab - Copy\backend\venv\Lib\site-packages\sqlalchemy\pool\base.py", line 674, in __init__
    self.__connect()
  File "D:\CrewLab - Copy\backend\venv\Lib\site-packages\sqlalchemy\pool\base.py", line 900, in __connect
    with util.safe_reraise():
         ^^^^^^^^^^^^^^^^^^^
  File "D:\CrewLab - Copy\backend\venv\Lib\site-packages\sqlalchemy\util\langhelpers.py", line 122, in __exit__
    raise exc_value.with_traceback(exc_tb)
  File "D:\CrewLab - Copy\backend\venv\Lib\site-packages\sqlalchemy\pool\base.py", line 896, in __connect
    self.dbapi_connection = connection = pool._invoke_creator(self)
                                         ^^^^^^^^^^^^^^^^^^^^^^^^^^
  File "D:\CrewLab - Copy\backend\venv\Lib\site-packages\sqlalchemy\engine\create.py", line 667, in connect
    return dialect.connect(*cargs_tup, **cparams)
           ^^^^^^^^^^^^^^^^^^^^^^^^^^^^^^^^^^^^^^
  File "D:\CrewLab - Copy\backend\venv\Lib\site-packages\sqlalchemy\engine\default.py", line 630, in connect
    return self.loaded_dbapi.connect(*cargs, **cparams)  # type: ignore[no-any-return]  # NOQA: E501
           ^^^^^^^^^^^^^^^^^^^^^^^^^^^^^^^^^^^^^^^^^^^^
  File "D:\CrewLab - Copy\backend\venv\Lib\site-packages\sqlalchemy\dialects\postgresql\asyncpg.py", line 955, in connect
    await_only(creator_fn(*arg, **kw)),
    ^^^^^^^^^^^^^^^^^^^^^^^^^^^^^^^^^^
  File "D:\CrewLab - Copy\backend\venv\Lib\site-packages\sqlalchemy\util\_concurrency_py3k.py", line 132, in await_only
    return current.parent.switch(awaitable)  # type: ignore[no-any-return,attr-defined] # noqa: E501
           ^^^^^^^^^^^^^^^^^^^^^^^^^^^^^^^^
  File "D:\CrewLab - Copy\backend\venv\Lib\site-packages\sqlalchemy\util\_concurrency_py3k.py", line 196, in greenlet_spawn
    value = await result
            ^^^^^^^^^^^^
  File "D:\CrewLab - Copy\backend\venv\Lib\site-packages\asyncpg\connection.py", line 2443, in connect
    return await connect_utils._connect(
           ^^^^^^^^^^^^^^^^^^^^^^^^^^^^^
  File "D:\CrewLab - Copy\backend\venv\Lib\site-packages\asyncpg\connect_utils.py", line 1249, in _connect
    raise last_error or exceptions.TargetServerAttributeNotMatched(
  File "D:\CrewLab - Copy\backend\venv\Lib\site-packages\asyncpg\connect_utils.py", line 1218, in _connect
    conn = await _connect_addr(
           ^^^^^^^^^^^^^^^^^^^^
  File "D:\CrewLab - Copy\backend\venv\Lib\site-packages\asyncpg\connect_utils.py", line 1054, in _connect_addr
    return await __connect_addr(params, True, *args)
           ^^^^^^^^^^^^^^^^^^^^^^^^^^^^^^^^^^^^^^^^^
  File "D:\CrewLab - Copy\backend\venv\Lib\site-packages\asyncpg\connect_utils.py", line 1099, in __connect_addr
    tr, pr = await connector
             ^^^^^^^^^^^^^^^
  File "D:\CrewLab - Copy\backend\venv\Lib\site-packages\asyncpg\connect_utils.py", line 969, in _create_ssl_connection
    tr, pr = await loop.create_connection(
             ^^^^^^^^^^^^^^^^^^^^^^^^^^^^^
  File "C:\Users\hi\AppData\Local\Programs\Python\Python312\Lib\asyncio\base_events.py", line 1132, in create_connection
    raise exceptions[0]
  File "C:\Users\hi\AppData\Local\Programs\Python\Python312\Lib\asyncio\base_events.py", line 1107, in create_connection
    sock = await self._connect_sock(
           ^^^^^^^^^^^^^^^^^^^^^^^^^
  File "C:\Users\hi\AppData\Local\Programs\Python\Python312\Lib\asyncio\base_events.py", line 1010, in _connect_sock
    await self.sock_connect(sock, address)
  File "C:\Users\hi\AppData\Local\Programs\Python\Python312\Lib\asyncio\proactor_events.py", line 729, in sock_connect
    return await self._proactor.connect(sock, address)
           ^^^^^^^^^^^^^^^^^^^^^^^^^^^^^^^^^^^^^^^^^^^
  File "C:\Users\hi\AppData\Local\Programs\Python\Python312\Lib\asyncio\windows_events.py", line 803, in _poll
    value = callback(transferred, key, ov)
            ^^^^^^^^^^^^^^^^^^^^^^^^^^^^^^
  File "C:\Users\hi\AppData\Local\Programs\Python\Python312\Lib\asyncio\windows_events.py", line 599, in finish_connect
    ov.getresult()
PermissionError: [WinError 5] Access is denied
[2026-08-04 15:38:52,893: INFO/MainProcess] Task check_asset_request_expiry[6fd497af-8cc4-4d14-b660-e689bd86dfc0] received
[2026-08-04 15:38:52,927: ERROR/MainProcess] Task check_asset_request_expiry[6fd497af-8cc4-4d14-b660-e689bd86dfc0] raised unexpected: gaierror(11001, 'getaddrinfo failed')
Traceback (most recent call last):
  File "D:\CrewLab - Copy\backend\venv\Lib\site-packages\celery\app\trace.py", line 585, in trace_task
    R = retval = fun(*args, **kwargs)
                 ^^^^^^^^^^^^^^^^^^^^
  File "D:\CrewLab - Copy\backend\venv\Lib\site-packages\celery\app\trace.py", line 858, in __protected_call__
    return self.run(*args, **kwargs)
           ^^^^^^^^^^^^^^^^^^^^^^^^^
  File "D:\CrewLab - Copy\backend\app\tasks\orchestrator_tasks.py", line 201, in check_asset_request_expiry
    run_async(_run())
  File "D:\CrewLab - Copy\backend\app\tasks\orchestrator_tasks.py", line 39, in run_async
    return loop.run_until_complete(coro)
           ^^^^^^^^^^^^^^^^^^^^^^^^^^^^^
  File "C:\Users\hi\AppData\Local\Programs\Python\Python312\Lib\asyncio\base_events.py", line 691, in run_until_complete
    return future.result()
           ^^^^^^^^^^^^^^^
  File "D:\CrewLab - Copy\backend\app\tasks\orchestrator_tasks.py", line 199, in _run
    await expire_asset_requests(session)
  File "D:\CrewLab - Copy\backend\app\tasks\orchestrator_tasks.py", line 145, in expire_asset_requests
    requests = (await session.execute(stmt)).scalars().all()
                ^^^^^^^^^^^^^^^^^^^^^^^^^^^
  File "D:\CrewLab - Copy\backend\venv\Lib\site-packages\sqlalchemy\ext\asyncio\session.py", line 448, in execute
    result = await greenlet_spawn(
             ^^^^^^^^^^^^^^^^^^^^^
  File "D:\CrewLab - Copy\backend\venv\Lib\site-packages\sqlalchemy\util\_concurrency_py3k.py", line 201, in greenlet_spawn
    result = context.throw(*sys.exc_info())
             ^^^^^^^^^^^^^^^^^^^^^^^^^^^^^^
  File "D:\CrewLab - Copy\backend\venv\Lib\site-packages\sqlalchemy\orm\session.py", line 2373, in execute
    return self._execute_internal(
           ^^^^^^^^^^^^^^^^^^^^^^^
  File "D:\CrewLab - Copy\backend\venv\Lib\site-packages\sqlalchemy\orm\session.py", line 2261, in _execute_internal
    conn = self._connection_for_bind(bind)
           ^^^^^^^^^^^^^^^^^^^^^^^^^^^^^^^
  File "D:\CrewLab - Copy\backend\venv\Lib\site-packages\sqlalchemy\orm\session.py", line 2113, in _connection_for_bind
    return trans._connection_for_bind(engine, execution_options)
           ^^^^^^^^^^^^^^^^^^^^^^^^^^^^^^^^^^^^^^^^^^^^^^^^^^^^^
  File "<string>", line 2, in _connection_for_bind
  File "D:\CrewLab - Copy\backend\venv\Lib\site-packages\sqlalchemy\orm\state_changes.py", line 137, in _go
    ret_value = fn(self, *arg, **kw)
                ^^^^^^^^^^^^^^^^^^^^
  File "D:\CrewLab - Copy\backend\venv\Lib\site-packages\sqlalchemy\orm\session.py", line 1191, in _connection_for_bind
    conn = bind.connect()
           ^^^^^^^^^^^^^^
  File "D:\CrewLab - Copy\backend\venv\Lib\site-packages\sqlalchemy\engine\base.py", line 3295, in connect
    return self._connection_cls(self)
           ^^^^^^^^^^^^^^^^^^^^^^^^^^
  File "D:\CrewLab - Copy\backend\venv\Lib\site-packages\sqlalchemy\engine\base.py", line 144, in __init__
    self._dbapi_connection = engine.raw_connection()
                             ^^^^^^^^^^^^^^^^^^^^^^^
  File "D:\CrewLab - Copy\backend\venv\Lib\site-packages\sqlalchemy\engine\base.py", line 3319, in raw_connection
    return self.pool.connect()
           ^^^^^^^^^^^^^^^^^^^
  File "D:\CrewLab - Copy\backend\venv\Lib\site-packages\sqlalchemy\pool\base.py", line 448, in connect
    return _ConnectionFairy._checkout(self)
           ^^^^^^^^^^^^^^^^^^^^^^^^^^^^^^^^
  File "D:\CrewLab - Copy\backend\venv\Lib\site-packages\sqlalchemy\pool\base.py", line 1272, in _checkout
    fairy = _ConnectionRecord.checkout(pool)
            ^^^^^^^^^^^^^^^^^^^^^^^^^^^^^^^^
  File "D:\CrewLab - Copy\backend\venv\Lib\site-packages\sqlalchemy\pool\base.py", line 712, in checkout
    rec = pool._do_get()
          ^^^^^^^^^^^^^^
  File "D:\CrewLab - Copy\backend\venv\Lib\site-packages\sqlalchemy\pool\impl.py", line 178, in _do_get
    with util.safe_reraise():
         ^^^^^^^^^^^^^^^^^^^
  File "D:\CrewLab - Copy\backend\venv\Lib\site-packages\sqlalchemy\util\langhelpers.py", line 122, in __exit__
    raise exc_value.with_traceback(exc_tb)
  File "D:\CrewLab - Copy\backend\venv\Lib\site-packages\sqlalchemy\pool\impl.py", line 176, in _do_get
    return self._create_connection()
           ^^^^^^^^^^^^^^^^^^^^^^^^^
  File "D:\CrewLab - Copy\backend\venv\Lib\site-packages\sqlalchemy\pool\base.py", line 389, in _create_connection
    return _ConnectionRecord(self)
           ^^^^^^^^^^^^^^^^^^^^^^^
  File "D:\CrewLab - Copy\backend\venv\Lib\site-packages\sqlalchemy\pool\base.py", line 674, in __init__
    self.__connect()
  File "D:\CrewLab - Copy\backend\venv\Lib\site-packages\sqlalchemy\pool\base.py", line 900, in __connect
    with util.safe_reraise():
         ^^^^^^^^^^^^^^^^^^^
  File "D:\CrewLab - Copy\backend\venv\Lib\site-packages\sqlalchemy\util\langhelpers.py", line 122, in __exit__
    raise exc_value.with_traceback(exc_tb)
  File "D:\CrewLab - Copy\backend\venv\Lib\site-packages\sqlalchemy\pool\base.py", line 896, in __connect
    self.dbapi_connection = connection = pool._invoke_creator(self)
                                         ^^^^^^^^^^^^^^^^^^^^^^^^^^
  File "D:\CrewLab - Copy\backend\venv\Lib\site-packages\sqlalchemy\engine\create.py", line 667, in connect
    return dialect.connect(*cargs_tup, **cparams)
           ^^^^^^^^^^^^^^^^^^^^^^^^^^^^^^^^^^^^^^
  File "D:\CrewLab - Copy\backend\venv\Lib\site-packages\sqlalchemy\engine\default.py", line 630, in connect
    return self.loaded_dbapi.connect(*cargs, **cparams)  # type: ignore[no-any-return]  # NOQA: E501
           ^^^^^^^^^^^^^^^^^^^^^^^^^^^^^^^^^^^^^^^^^^^^
  File "D:\CrewLab - Copy\backend\venv\Lib\site-packages\sqlalchemy\dialects\postgresql\asyncpg.py", line 955, in connect
    await_only(creator_fn(*arg, **kw)),
    ^^^^^^^^^^^^^^^^^^^^^^^^^^^^^^^^^^
  File "D:\CrewLab - Copy\backend\venv\Lib\site-packages\sqlalchemy\util\_concurrency_py3k.py", line 132, in await_only
    return current.parent.switch(awaitable)  # type: ignore[no-any-return,attr-defined] # noqa: E501
           ^^^^^^^^^^^^^^^^^^^^^^^^^^^^^^^^
  File "D:\CrewLab - Copy\backend\venv\Lib\site-packages\sqlalchemy\util\_concurrency_py3k.py", line 196, in greenlet_spawn
    value = await result
            ^^^^^^^^^^^^
  File "D:\CrewLab - Copy\backend\venv\Lib\site-packages\asyncpg\connection.py", line 2443, in connect
    return await connect_utils._connect(
           ^^^^^^^^^^^^^^^^^^^^^^^^^^^^^
  File "D:\CrewLab - Copy\backend\venv\Lib\site-packages\asyncpg\connect_utils.py", line 1249, in _connect
    raise last_error or exceptions.TargetServerAttributeNotMatched(
  File "D:\CrewLab - Copy\backend\venv\Lib\site-packages\asyncpg\connect_utils.py", line 1218, in _connect
    conn = await _connect_addr(
           ^^^^^^^^^^^^^^^^^^^^
  File "D:\CrewLab - Copy\backend\venv\Lib\site-packages\asyncpg\connect_utils.py", line 1054, in _connect_addr
    return await __connect_addr(params, True, *args)
           ^^^^^^^^^^^^^^^^^^^^^^^^^^^^^^^^^^^^^^^^^
  File "D:\CrewLab - Copy\backend\venv\Lib\site-packages\asyncpg\connect_utils.py", line 1099, in __connect_addr
    tr, pr = await connector
             ^^^^^^^^^^^^^^^
  File "D:\CrewLab - Copy\backend\venv\Lib\site-packages\asyncpg\connect_utils.py", line 969, in _create_ssl_connection
    tr, pr = await loop.create_connection(
             ^^^^^^^^^^^^^^^^^^^^^^^^^^^^^
  File "C:\Users\hi\AppData\Local\Programs\Python\Python312\Lib\asyncio\base_events.py", line 1083, in create_connection
    infos = await self._ensure_resolved(
            ^^^^^^^^^^^^^^^^^^^^^^^^^^^^
  File "C:\Users\hi\AppData\Local\Programs\Python\Python312\Lib\asyncio\base_events.py", line 1466, in _ensure_resolved
    return await loop.getaddrinfo(host, port, family=family, type=type,
           ^^^^^^^^^^^^^^^^^^^^^^^^^^^^^^^^^^^^^^^^^^^^^^^^^^^^^^^^^^^^
  File "C:\Users\hi\AppData\Local\Programs\Python\Python312\Lib\asyncio\base_events.py", line 905, in getaddrinfo
    return await self.run_in_executor(
           ^^^^^^^^^^^^^^^^^^^^^^^^^^^
  File "C:\Users\hi\AppData\Local\Programs\Python\Python312\Lib\concurrent\futures\thread.py", line 59, in run
    result = self.fn(*self.args, **self.kwargs)
             ^^^^^^^^^^^^^^^^^^^^^^^^^^^^^^^^^^
  File "C:\Users\hi\AppData\Local\Programs\Python\Python312\Lib\socket.py", line 978, in getaddrinfo
    for res in _socket.getaddrinfo(host, port, family, type, proto, flags):
               ^^^^^^^^^^^^^^^^^^^^^^^^^^^^^^^^^^^^^^^^^^^^^^^^^^^^^^^^^^^
socket.gaierror: [Errno 11001] getaddrinfo failed
[2026-08-04 15:38:52,930: INFO/MainProcess] Task check_scheduled_cycles[00bf0cf2-ca40-4f71-8d5c-06e9072ea1ee] received
[2026-08-04 15:38:52,938: ERROR/MainProcess] Task check_scheduled_cycles[00bf0cf2-ca40-4f71-8d5c-06e9072ea1ee] raised unexpected: gaierror(11001, 'getaddrinfo failed')
Traceback (most recent call last):
  File "D:\CrewLab - Copy\backend\venv\Lib\site-packages\celery\app\trace.py", line 585, in trace_task
    R = retval = fun(*args, **kwargs)
                 ^^^^^^^^^^^^^^^^^^^^
  File "D:\CrewLab - Copy\backend\venv\Lib\site-packages\celery\app\trace.py", line 858, in __protected_call__
    return self.run(*args, **kwargs)
           ^^^^^^^^^^^^^^^^^^^^^^^^^
  File "D:\CrewLab - Copy\backend\app\tasks\orchestrator_tasks.py", line 131, in check_scheduled_cycles
    run_async(_run())
  File "D:\CrewLab - Copy\backend\app\tasks\orchestrator_tasks.py", line 39, in run_async
    return loop.run_until_complete(coro)
           ^^^^^^^^^^^^^^^^^^^^^^^^^^^^^
  File "C:\Users\hi\AppData\Local\Programs\Python\Python312\Lib\asyncio\base_events.py", line 691, in run_until_complete
    return future.result()
           ^^^^^^^^^^^^^^^
  File "D:\CrewLab - Copy\backend\app\tasks\orchestrator_tasks.py", line 118, in _run
    result = await session.execute(stmt)
             ^^^^^^^^^^^^^^^^^^^^^^^^^^^
  File "D:\CrewLab - Copy\backend\venv\Lib\site-packages\sqlalchemy\ext\asyncio\session.py", line 448, in execute
    result = await greenlet_spawn(
             ^^^^^^^^^^^^^^^^^^^^^
  File "D:\CrewLab - Copy\backend\venv\Lib\site-packages\sqlalchemy\util\_concurrency_py3k.py", line 201, in greenlet_spawn
    result = context.throw(*sys.exc_info())
             ^^^^^^^^^^^^^^^^^^^^^^^^^^^^^^
  File "D:\CrewLab - Copy\backend\venv\Lib\site-packages\sqlalchemy\orm\session.py", line 2373, in execute
    return self._execute_internal(
           ^^^^^^^^^^^^^^^^^^^^^^^
  File "D:\CrewLab - Copy\backend\venv\Lib\site-packages\sqlalchemy\orm\session.py", line 2261, in _execute_internal
    conn = self._connection_for_bind(bind)
           ^^^^^^^^^^^^^^^^^^^^^^^^^^^^^^^
  File "D:\CrewLab - Copy\backend\venv\Lib\site-packages\sqlalchemy\orm\session.py", line 2113, in _connection_for_bind
    return trans._connection_for_bind(engine, execution_options)
           ^^^^^^^^^^^^^^^^^^^^^^^^^^^^^^^^^^^^^^^^^^^^^^^^^^^^^
  File "<string>", line 2, in _connection_for_bind
  File "D:\CrewLab - Copy\backend\venv\Lib\site-packages\sqlalchemy\orm\state_changes.py", line 137, in _go
    ret_value = fn(self, *arg, **kw)
                ^^^^^^^^^^^^^^^^^^^^
  File "D:\CrewLab - Copy\backend\venv\Lib\site-packages\sqlalchemy\orm\session.py", line 1191, in _connection_for_bind
    conn = bind.connect()
           ^^^^^^^^^^^^^^
  File "D:\CrewLab - Copy\backend\venv\Lib\site-packages\sqlalchemy\engine\base.py", line 3295, in connect
    return self._connection_cls(self)
           ^^^^^^^^^^^^^^^^^^^^^^^^^^
  File "D:\CrewLab - Copy\backend\venv\Lib\site-packages\sqlalchemy\engine\base.py", line 144, in __init__
    self._dbapi_connection = engine.raw_connection()
                             ^^^^^^^^^^^^^^^^^^^^^^^
  File "D:\CrewLab - Copy\backend\venv\Lib\site-packages\sqlalchemy\engine\base.py", line 3319, in raw_connection
    return self.pool.connect()
           ^^^^^^^^^^^^^^^^^^^
  File "D:\CrewLab - Copy\backend\venv\Lib\site-packages\sqlalchemy\pool\base.py", line 448, in connect
    return _ConnectionFairy._checkout(self)
           ^^^^^^^^^^^^^^^^^^^^^^^^^^^^^^^^
  File "D:\CrewLab - Copy\backend\venv\Lib\site-packages\sqlalchemy\pool\base.py", line 1272, in _checkout
    fairy = _ConnectionRecord.checkout(pool)
            ^^^^^^^^^^^^^^^^^^^^^^^^^^^^^^^^
  File "D:\CrewLab - Copy\backend\venv\Lib\site-packages\sqlalchemy\pool\base.py", line 712, in checkout
    rec = pool._do_get()
          ^^^^^^^^^^^^^^
  File "D:\CrewLab - Copy\backend\venv\Lib\site-packages\sqlalchemy\pool\impl.py", line 178, in _do_get
    with util.safe_reraise():
         ^^^^^^^^^^^^^^^^^^^
  File "D:\CrewLab - Copy\backend\venv\Lib\site-packages\sqlalchemy\util\langhelpers.py", line 122, in __exit__
    raise exc_value.with_traceback(exc_tb)
  File "D:\CrewLab - Copy\backend\venv\Lib\site-packages\sqlalchemy\pool\impl.py", line 176, in _do_get
    return self._create_connection()
           ^^^^^^^^^^^^^^^^^^^^^^^^^
  File "D:\CrewLab - Copy\backend\venv\Lib\site-packages\sqlalchemy\pool\base.py", line 389, in _create_connection
    return _ConnectionRecord(self)
           ^^^^^^^^^^^^^^^^^^^^^^^
  File "D:\CrewLab - Copy\backend\venv\Lib\site-packages\sqlalchemy\pool\base.py", line 674, in __init__
    self.__connect()
  File "D:\CrewLab - Copy\backend\venv\Lib\site-packages\sqlalchemy\pool\base.py", line 900, in __connect
    with util.safe_reraise():
         ^^^^^^^^^^^^^^^^^^^
  File "D:\CrewLab - Copy\backend\venv\Lib\site-packages\sqlalchemy\util\langhelpers.py", line 122, in __exit__
    raise exc_value.with_traceback(exc_tb)
  File "D:\CrewLab - Copy\backend\venv\Lib\site-packages\sqlalchemy\pool\base.py", line 896, in __connect
    self.dbapi_connection = connection = pool._invoke_creator(self)
                                         ^^^^^^^^^^^^^^^^^^^^^^^^^^
  File "D:\CrewLab - Copy\backend\venv\Lib\site-packages\sqlalchemy\engine\create.py", line 667, in connect
    return dialect.connect(*cargs_tup, **cparams)
           ^^^^^^^^^^^^^^^^^^^^^^^^^^^^^^^^^^^^^^
  File "D:\CrewLab - Copy\backend\venv\Lib\site-packages\sqlalchemy\engine\default.py", line 630, in connect
    return self.loaded_dbapi.connect(*cargs, **cparams)  # type: ignore[no-any-return]  # NOQA: E501
           ^^^^^^^^^^^^^^^^^^^^^^^^^^^^^^^^^^^^^^^^^^^^
  File "D:\CrewLab - Copy\backend\venv\Lib\site-packages\sqlalchemy\dialects\postgresql\asyncpg.py", line 955, in connect
    await_only(creator_fn(*arg, **kw)),
    ^^^^^^^^^^^^^^^^^^^^^^^^^^^^^^^^^^
  File "D:\CrewLab - Copy\backend\venv\Lib\site-packages\sqlalchemy\util\_concurrency_py3k.py", line 132, in await_only
    return current.parent.switch(awaitable)  # type: ignore[no-any-return,attr-defined] # noqa: E501
           ^^^^^^^^^^^^^^^^^^^^^^^^^^^^^^^^
  File "D:\CrewLab - Copy\backend\venv\Lib\site-packages\sqlalchemy\util\_concurrency_py3k.py", line 196, in greenlet_spawn
    value = await result
            ^^^^^^^^^^^^
  File "D:\CrewLab - Copy\backend\venv\Lib\site-packages\asyncpg\connection.py", line 2443, in connect
    return await connect_utils._connect(
           ^^^^^^^^^^^^^^^^^^^^^^^^^^^^^
  File "D:\CrewLab - Copy\backend\venv\Lib\site-packages\asyncpg\connect_utils.py", line 1249, in _connect
    raise last_error or exceptions.TargetServerAttributeNotMatched(
  File "D:\CrewLab - Copy\backend\venv\Lib\site-packages\asyncpg\connect_utils.py", line 1218, in _connect
    conn = await _connect_addr(
           ^^^^^^^^^^^^^^^^^^^^
  File "D:\CrewLab - Copy\backend\venv\Lib\site-packages\asyncpg\connect_utils.py", line 1054, in _connect_addr
    return await __connect_addr(params, True, *args)
           ^^^^^^^^^^^^^^^^^^^^^^^^^^^^^^^^^^^^^^^^^
  File "D:\CrewLab - Copy\backend\venv\Lib\site-packages\asyncpg\connect_utils.py", line 1099, in __connect_addr
    tr, pr = await connector
             ^^^^^^^^^^^^^^^
  File "D:\CrewLab - Copy\backend\venv\Lib\site-packages\asyncpg\connect_utils.py", line 969, in _create_ssl_connection
    tr, pr = await loop.create_connection(
             ^^^^^^^^^^^^^^^^^^^^^^^^^^^^^
  File "C:\Users\hi\AppData\Local\Programs\Python\Python312\Lib\asyncio\base_events.py", line 1083, in create_connection
    infos = await self._ensure_resolved(
            ^^^^^^^^^^^^^^^^^^^^^^^^^^^^
  File "C:\Users\hi\AppData\Local\Programs\Python\Python312\Lib\asyncio\base_events.py", line 1466, in _ensure_resolved
    return await loop.getaddrinfo(host, port, family=family, type=type,
           ^^^^^^^^^^^^^^^^^^^^^^^^^^^^^^^^^^^^^^^^^^^^^^^^^^^^^^^^^^^^
  File "C:\Users\hi\AppData\Local\Programs\Python\Python312\Lib\asyncio\base_events.py", line 905, in getaddrinfo
    return await self.run_in_executor(
           ^^^^^^^^^^^^^^^^^^^^^^^^^^^
  File "C:\Users\hi\AppData\Local\Programs\Python\Python312\Lib\concurrent\futures\thread.py", line 59, in run
    result = self.fn(*self.args, **self.kwargs)
             ^^^^^^^^^^^^^^^^^^^^^^^^^^^^^^^^^^
  File "C:\Users\hi\AppData\Local\Programs\Python\Python312\Lib\socket.py", line 978, in getaddrinfo
    for res in _socket.getaddrinfo(host, port, family, type, proto, flags):
               ^^^^^^^^^^^^^^^^^^^^^^^^^^^^^^^^^^^^^^^^^^^^^^^^^^^^^^^^^^^
socket.gaierror: [Errno 11001] getaddrinfo failed
[2026-08-04 15:45:00,015: INFO/MainProcess] Task check_scheduled_cycles[76972460-cef0-48ce-9b27-e10abe49c76a] received
[2026-08-04 15:45:00,147: ERROR/MainProcess] Task check_scheduled_cycles[76972460-cef0-48ce-9b27-e10abe49c76a] raised unexpected: gaierror(11001, 'getaddrinfo failed')
Traceback (most recent call last):
  File "D:\CrewLab - Copy\backend\venv\Lib\site-packages\celery\app\trace.py", line 585, in trace_task
    R = retval = fun(*args, **kwargs)
                 ^^^^^^^^^^^^^^^^^^^^
  File "D:\CrewLab - Copy\backend\venv\Lib\site-packages\celery\app\trace.py", line 858, in __protected_call__
    return self.run(*args, **kwargs)
           ^^^^^^^^^^^^^^^^^^^^^^^^^
  File "D:\CrewLab - Copy\backend\app\tasks\orchestrator_tasks.py", line 131, in check_scheduled_cycles
    run_async(_run())
  File "D:\CrewLab - Copy\backend\app\tasks\orchestrator_tasks.py", line 39, in run_async
    return loop.run_until_complete(coro)
           ^^^^^^^^^^^^^^^^^^^^^^^^^^^^^
  File "C:\Users\hi\AppData\Local\Programs\Python\Python312\Lib\asyncio\base_events.py", line 691, in run_until_complete
    return future.result()
           ^^^^^^^^^^^^^^^
  File "D:\CrewLab - Copy\backend\app\tasks\orchestrator_tasks.py", line 118, in _run
    result = await session.execute(stmt)
             ^^^^^^^^^^^^^^^^^^^^^^^^^^^
  File "D:\CrewLab - Copy\backend\venv\Lib\site-packages\sqlalchemy\ext\asyncio\session.py", line 448, in execute
    result = await greenlet_spawn(
             ^^^^^^^^^^^^^^^^^^^^^
  File "D:\CrewLab - Copy\backend\venv\Lib\site-packages\sqlalchemy\util\_concurrency_py3k.py", line 201, in greenlet_spawn
    result = context.throw(*sys.exc_info())
             ^^^^^^^^^^^^^^^^^^^^^^^^^^^^^^
  File "D:\CrewLab - Copy\backend\venv\Lib\site-packages\sqlalchemy\orm\session.py", line 2373, in execute
    return self._execute_internal(
           ^^^^^^^^^^^^^^^^^^^^^^^
  File "D:\CrewLab - Copy\backend\venv\Lib\site-packages\sqlalchemy\orm\session.py", line 2261, in _execute_internal
    conn = self._connection_for_bind(bind)
           ^^^^^^^^^^^^^^^^^^^^^^^^^^^^^^^
  File "D:\CrewLab - Copy\backend\venv\Lib\site-packages\sqlalchemy\orm\session.py", line 2113, in _connection_for_bind
    return trans._connection_for_bind(engine, execution_options)
           ^^^^^^^^^^^^^^^^^^^^^^^^^^^^^^^^^^^^^^^^^^^^^^^^^^^^^
  File "<string>", line 2, in _connection_for_bind
  File "D:\CrewLab - Copy\backend\venv\Lib\site-packages\sqlalchemy\orm\state_changes.py", line 137, in _go
    ret_value = fn(self, *arg, **kw)
                ^^^^^^^^^^^^^^^^^^^^
  File "D:\CrewLab - Copy\backend\venv\Lib\site-packages\sqlalchemy\orm\session.py", line 1191, in _connection_for_bind
    conn = bind.connect()
           ^^^^^^^^^^^^^^
  File "D:\CrewLab - Copy\backend\venv\Lib\site-packages\sqlalchemy\engine\base.py", line 3295, in connect
    return self._connection_cls(self)
           ^^^^^^^^^^^^^^^^^^^^^^^^^^
  File "D:\CrewLab - Copy\backend\venv\Lib\site-packages\sqlalchemy\engine\base.py", line 144, in __init__
    self._dbapi_connection = engine.raw_connection()
                             ^^^^^^^^^^^^^^^^^^^^^^^
  File "D:\CrewLab - Copy\backend\venv\Lib\site-packages\sqlalchemy\engine\base.py", line 3319, in raw_connection
    return self.pool.connect()
           ^^^^^^^^^^^^^^^^^^^
  File "D:\CrewLab - Copy\backend\venv\Lib\site-packages\sqlalchemy\pool\base.py", line 448, in connect
    return _ConnectionFairy._checkout(self)
           ^^^^^^^^^^^^^^^^^^^^^^^^^^^^^^^^
  File "D:\CrewLab - Copy\backend\venv\Lib\site-packages\sqlalchemy\pool\base.py", line 1272, in _checkout
    fairy = _ConnectionRecord.checkout(pool)
            ^^^^^^^^^^^^^^^^^^^^^^^^^^^^^^^^
  File "D:\CrewLab - Copy\backend\venv\Lib\site-packages\sqlalchemy\pool\base.py", line 712, in checkout
    rec = pool._do_get()
          ^^^^^^^^^^^^^^
  File "D:\CrewLab - Copy\backend\venv\Lib\site-packages\sqlalchemy\pool\impl.py", line 178, in _do_get
    with util.safe_reraise():
         ^^^^^^^^^^^^^^^^^^^
  File "D:\CrewLab - Copy\backend\venv\Lib\site-packages\sqlalchemy\util\langhelpers.py", line 122, in __exit__
    raise exc_value.with_traceback(exc_tb)
  File "D:\CrewLab - Copy\backend\venv\Lib\site-packages\sqlalchemy\pool\impl.py", line 176, in _do_get
    return self._create_connection()
           ^^^^^^^^^^^^^^^^^^^^^^^^^
  File "D:\CrewLab - Copy\backend\venv\Lib\site-packages\sqlalchemy\pool\base.py", line 389, in _create_connection
    return _ConnectionRecord(self)
           ^^^^^^^^^^^^^^^^^^^^^^^
  File "D:\CrewLab - Copy\backend\venv\Lib\site-packages\sqlalchemy\pool\base.py", line 674, in __init__
    self.__connect()
  File "D:\CrewLab - Copy\backend\venv\Lib\site-packages\sqlalchemy\pool\base.py", line 900, in __connect
    with util.safe_reraise():
         ^^^^^^^^^^^^^^^^^^^
  File "D:\CrewLab - Copy\backend\venv\Lib\site-packages\sqlalchemy\util\langhelpers.py", line 122, in __exit__
    raise exc_value.with_traceback(exc_tb)
  File "D:\CrewLab - Copy\backend\venv\Lib\site-packages\sqlalchemy\pool\base.py", line 896, in __connect
    self.dbapi_connection = connection = pool._invoke_creator(self)
                                         ^^^^^^^^^^^^^^^^^^^^^^^^^^
  File "D:\CrewLab - Copy\backend\venv\Lib\site-packages\sqlalchemy\engine\create.py", line 667, in connect
    return dialect.connect(*cargs_tup, **cparams)
           ^^^^^^^^^^^^^^^^^^^^^^^^^^^^^^^^^^^^^^
  File "D:\CrewLab - Copy\backend\venv\Lib\site-packages\sqlalchemy\engine\default.py", line 630, in connect
    return self.loaded_dbapi.connect(*cargs, **cparams)  # type: ignore[no-any-return]  # NOQA: E501
           ^^^^^^^^^^^^^^^^^^^^^^^^^^^^^^^^^^^^^^^^^^^^
  File "D:\CrewLab - Copy\backend\venv\Lib\site-packages\sqlalchemy\dialects\postgresql\asyncpg.py", line 955, in connect
    await_only(creator_fn(*arg, **kw)),
    ^^^^^^^^^^^^^^^^^^^^^^^^^^^^^^^^^^
  File "D:\CrewLab - Copy\backend\venv\Lib\site-packages\sqlalchemy\util\_concurrency_py3k.py", line 132, in await_only
    return current.parent.switch(awaitable)  # type: ignore[no-any-return,attr-defined] # noqa: E501
           ^^^^^^^^^^^^^^^^^^^^^^^^^^^^^^^^
  File "D:\CrewLab - Copy\backend\venv\Lib\site-packages\sqlalchemy\util\_concurrency_py3k.py", line 196, in greenlet_spawn
    value = await result
            ^^^^^^^^^^^^
  File "D:\CrewLab - Copy\backend\venv\Lib\site-packages\asyncpg\connection.py", line 2443, in connect
    return await connect_utils._connect(
           ^^^^^^^^^^^^^^^^^^^^^^^^^^^^^
  File "D:\CrewLab - Copy\backend\venv\Lib\site-packages\asyncpg\connect_utils.py", line 1249, in _connect
    raise last_error or exceptions.TargetServerAttributeNotMatched(
  File "D:\CrewLab - Copy\backend\venv\Lib\site-packages\asyncpg\connect_utils.py", line 1218, in _connect
    conn = await _connect_addr(
           ^^^^^^^^^^^^^^^^^^^^
  File "D:\CrewLab - Copy\backend\venv\Lib\site-packages\asyncpg\connect_utils.py", line 1054, in _connect_addr
    return await __connect_addr(params, True, *args)
           ^^^^^^^^^^^^^^^^^^^^^^^^^^^^^^^^^^^^^^^^^
  File "D:\CrewLab - Copy\backend\venv\Lib\site-packages\asyncpg\connect_utils.py", line 1099, in __connect_addr
    tr, pr = await connector
             ^^^^^^^^^^^^^^^
  File "D:\CrewLab - Copy\backend\venv\Lib\site-packages\asyncpg\connect_utils.py", line 969, in _create_ssl_connection
    tr, pr = await loop.create_connection(
             ^^^^^^^^^^^^^^^^^^^^^^^^^^^^^
  File "C:\Users\hi\AppData\Local\Programs\Python\Python312\Lib\asyncio\base_events.py", line 1083, in create_connection
    infos = await self._ensure_resolved(
            ^^^^^^^^^^^^^^^^^^^^^^^^^^^^
  File "C:\Users\hi\AppData\Local\Programs\Python\Python312\Lib\asyncio\base_events.py", line 1466, in _ensure_resolved
    return await loop.getaddrinfo(host, port, family=family, type=type,
           ^^^^^^^^^^^^^^^^^^^^^^^^^^^^^^^^^^^^^^^^^^^^^^^^^^^^^^^^^^^^
  File "C:\Users\hi\AppData\Local\Programs\Python\Python312\Lib\asyncio\base_events.py", line 905, in getaddrinfo
    return await self.run_in_executor(
           ^^^^^^^^^^^^^^^^^^^^^^^^^^^
  File "C:\Users\hi\AppData\Local\Programs\Python\Python312\Lib\concurrent\futures\thread.py", line 59, in run
    result = self.fn(*self.args, **self.kwargs)
             ^^^^^^^^^^^^^^^^^^^^^^^^^^^^^^^^^^
  File "C:\Users\hi\AppData\Local\Programs\Python\Python312\Lib\socket.py", line 978, in getaddrinfo
    for res in _socket.getaddrinfo(host, port, family, type, proto, flags):
               ^^^^^^^^^^^^^^^^^^^^^^^^^^^^^^^^^^^^^^^^^^^^^^^^^^^^^^^^^^^
socket.gaierror: [Errno 11001] getaddrinfo failed
[2026-08-04 16:00:00,016: INFO/MainProcess] Task check_asset_request_expiry[2a9900d9-daf9-4871-b7ab-0b72fb6e2b16] received
[2026-08-04 16:00:00,079: ERROR/MainProcess] Task check_asset_request_expiry[2a9900d9-daf9-4871-b7ab-0b72fb6e2b16] raised unexpected: gaierror(11001, 'getaddrinfo failed')
Traceback (most recent call last):
  File "D:\CrewLab - Copy\backend\venv\Lib\site-packages\celery\app\trace.py", line 585, in trace_task
    R = retval = fun(*args, **kwargs)
                 ^^^^^^^^^^^^^^^^^^^^
  File "D:\CrewLab - Copy\backend\venv\Lib\site-packages\celery\app\trace.py", line 858, in __protected_call__
    return self.run(*args, **kwargs)
           ^^^^^^^^^^^^^^^^^^^^^^^^^
  File "D:\CrewLab - Copy\backend\app\tasks\orchestrator_tasks.py", line 201, in check_asset_request_expiry
    run_async(_run())
  File "D:\CrewLab - Copy\backend\app\tasks\orchestrator_tasks.py", line 39, in run_async
    return loop.run_until_complete(coro)
           ^^^^^^^^^^^^^^^^^^^^^^^^^^^^^
  File "C:\Users\hi\AppData\Local\Programs\Python\Python312\Lib\asyncio\base_events.py", line 691, in run_until_complete
    return future.result()
           ^^^^^^^^^^^^^^^
  File "D:\CrewLab - Copy\backend\app\tasks\orchestrator_tasks.py", line 199, in _run
    await expire_asset_requests(session)
  File "D:\CrewLab - Copy\backend\app\tasks\orchestrator_tasks.py", line 145, in expire_asset_requests
    requests = (await session.execute(stmt)).scalars().all()
                ^^^^^^^^^^^^^^^^^^^^^^^^^^^
  File "D:\CrewLab - Copy\backend\venv\Lib\site-packages\sqlalchemy\ext\asyncio\session.py", line 448, in execute
    result = await greenlet_spawn(
             ^^^^^^^^^^^^^^^^^^^^^
  File "D:\CrewLab - Copy\backend\venv\Lib\site-packages\sqlalchemy\util\_concurrency_py3k.py", line 201, in greenlet_spawn
    result = context.throw(*sys.exc_info())
             ^^^^^^^^^^^^^^^^^^^^^^^^^^^^^^
  File "D:\CrewLab - Copy\backend\venv\Lib\site-packages\sqlalchemy\orm\session.py", line 2373, in execute
    return self._execute_internal(
           ^^^^^^^^^^^^^^^^^^^^^^^
  File "D:\CrewLab - Copy\backend\venv\Lib\site-packages\sqlalchemy\orm\session.py", line 2261, in _execute_internal
    conn = self._connection_for_bind(bind)
           ^^^^^^^^^^^^^^^^^^^^^^^^^^^^^^^
  File "D:\CrewLab - Copy\backend\venv\Lib\site-packages\sqlalchemy\orm\session.py", line 2113, in _connection_for_bind
    return trans._connection_for_bind(engine, execution_options)
           ^^^^^^^^^^^^^^^^^^^^^^^^^^^^^^^^^^^^^^^^^^^^^^^^^^^^^
  File "<string>", line 2, in _connection_for_bind
  File "D:\CrewLab - Copy\backend\venv\Lib\site-packages\sqlalchemy\orm\state_changes.py", line 137, in _go
    ret_value = fn(self, *arg, **kw)
                ^^^^^^^^^^^^^^^^^^^^
  File "D:\CrewLab - Copy\backend\venv\Lib\site-packages\sqlalchemy\orm\session.py", line 1191, in _connection_for_bind
    conn = bind.connect()
           ^^^^^^^^^^^^^^
  File "D:\CrewLab - Copy\backend\venv\Lib\site-packages\sqlalchemy\engine\base.py", line 3295, in connect
    return self._connection_cls(self)
           ^^^^^^^^^^^^^^^^^^^^^^^^^^
  File "D:\CrewLab - Copy\backend\venv\Lib\site-packages\sqlalchemy\engine\base.py", line 144, in __init__
    self._dbapi_connection = engine.raw_connection()
                             ^^^^^^^^^^^^^^^^^^^^^^^
  File "D:\CrewLab - Copy\backend\venv\Lib\site-packages\sqlalchemy\engine\base.py", line 3319, in raw_connection
    return self.pool.connect()
           ^^^^^^^^^^^^^^^^^^^
  File "D:\CrewLab - Copy\backend\venv\Lib\site-packages\sqlalchemy\pool\base.py", line 448, in connect
    return _ConnectionFairy._checkout(self)
           ^^^^^^^^^^^^^^^^^^^^^^^^^^^^^^^^
  File "D:\CrewLab - Copy\backend\venv\Lib\site-packages\sqlalchemy\pool\base.py", line 1272, in _checkout
    fairy = _ConnectionRecord.checkout(pool)
            ^^^^^^^^^^^^^^^^^^^^^^^^^^^^^^^^
  File "D:\CrewLab - Copy\backend\venv\Lib\site-packages\sqlalchemy\pool\base.py", line 712, in checkout
    rec = pool._do_get()
          ^^^^^^^^^^^^^^
  File "D:\CrewLab - Copy\backend\venv\Lib\site-packages\sqlalchemy\pool\impl.py", line 178, in _do_get
    with util.safe_reraise():
         ^^^^^^^^^^^^^^^^^^^
  File "D:\CrewLab - Copy\backend\venv\Lib\site-packages\sqlalchemy\util\langhelpers.py", line 122, in __exit__
    raise exc_value.with_traceback(exc_tb)
  File "D:\CrewLab - Copy\backend\venv\Lib\site-packages\sqlalchemy\pool\impl.py", line 176, in _do_get
    return self._create_connection()
           ^^^^^^^^^^^^^^^^^^^^^^^^^
  File "D:\CrewLab - Copy\backend\venv\Lib\site-packages\sqlalchemy\pool\base.py", line 389, in _create_connection
    return _ConnectionRecord(self)
           ^^^^^^^^^^^^^^^^^^^^^^^
  File "D:\CrewLab - Copy\backend\venv\Lib\site-packages\sqlalchemy\pool\base.py", line 674, in __init__
    self.__connect()
  File "D:\CrewLab - Copy\backend\venv\Lib\site-packages\sqlalchemy\pool\base.py", line 900, in __connect
    with util.safe_reraise():
         ^^^^^^^^^^^^^^^^^^^
  File "D:\CrewLab - Copy\backend\venv\Lib\site-packages\sqlalchemy\util\langhelpers.py", line 122, in __exit__
    raise exc_value.with_traceback(exc_tb)
  File "D:\CrewLab - Copy\backend\venv\Lib\site-packages\sqlalchemy\pool\base.py", line 896, in __connect
    self.dbapi_connection = connection = pool._invoke_creator(self)
                                         ^^^^^^^^^^^^^^^^^^^^^^^^^^
  File "D:\CrewLab - Copy\backend\venv\Lib\site-packages\sqlalchemy\engine\create.py", line 667, in connect
    return dialect.connect(*cargs_tup, **cparams)
           ^^^^^^^^^^^^^^^^^^^^^^^^^^^^^^^^^^^^^^
  File "D:\CrewLab - Copy\backend\venv\Lib\site-packages\sqlalchemy\engine\default.py", line 630, in connect
    return self.loaded_dbapi.connect(*cargs, **cparams)  # type: ignore[no-any-return]  # NOQA: E501
           ^^^^^^^^^^^^^^^^^^^^^^^^^^^^^^^^^^^^^^^^^^^^
  File "D:\CrewLab - Copy\backend\venv\Lib\site-packages\sqlalchemy\dialects\postgresql\asyncpg.py", line 955, in connect
    await_only(creator_fn(*arg, **kw)),
    ^^^^^^^^^^^^^^^^^^^^^^^^^^^^^^^^^^
  File "D:\CrewLab - Copy\backend\venv\Lib\site-packages\sqlalchemy\util\_concurrency_py3k.py", line 132, in await_only
    return current.parent.switch(awaitable)  # type: ignore[no-any-return,attr-defined] # noqa: E501
           ^^^^^^^^^^^^^^^^^^^^^^^^^^^^^^^^
  File "D:\CrewLab - Copy\backend\venv\Lib\site-packages\sqlalchemy\util\_concurrency_py3k.py", line 196, in greenlet_spawn
    value = await result
            ^^^^^^^^^^^^
  File "D:\CrewLab - Copy\backend\venv\Lib\site-packages\asyncpg\connection.py", line 2443, in connect
    return await connect_utils._connect(
           ^^^^^^^^^^^^^^^^^^^^^^^^^^^^^
  File "D:\CrewLab - Copy\backend\venv\Lib\site-packages\asyncpg\connect_utils.py", line 1249, in _connect
    raise last_error or exceptions.TargetServerAttributeNotMatched(
  File "D:\CrewLab - Copy\backend\venv\Lib\site-packages\asyncpg\connect_utils.py", line 1218, in _connect
    conn = await _connect_addr(
           ^^^^^^^^^^^^^^^^^^^^
  File "D:\CrewLab - Copy\backend\venv\Lib\site-packages\asyncpg\connect_utils.py", line 1054, in _connect_addr
    return await __connect_addr(params, True, *args)
           ^^^^^^^^^^^^^^^^^^^^^^^^^^^^^^^^^^^^^^^^^
  File "D:\CrewLab - Copy\backend\venv\Lib\site-packages\asyncpg\connect_utils.py", line 1099, in __connect_addr
    tr, pr = await connector
             ^^^^^^^^^^^^^^^
  File "D:\CrewLab - Copy\backend\venv\Lib\site-packages\asyncpg\connect_utils.py", line 969, in _create_ssl_connection
    tr, pr = await loop.create_connection(
             ^^^^^^^^^^^^^^^^^^^^^^^^^^^^^
  File "C:\Users\hi\AppData\Local\Programs\Python\Python312\Lib\asyncio\base_events.py", line 1083, in create_connection
    infos = await self._ensure_resolved(
            ^^^^^^^^^^^^^^^^^^^^^^^^^^^^
  File "C:\Users\hi\AppData\Local\Programs\Python\Python312\Lib\asyncio\base_events.py", line 1466, in _ensure_resolved
    return await loop.getaddrinfo(host, port, family=family, type=type,
           ^^^^^^^^^^^^^^^^^^^^^^^^^^^^^^^^^^^^^^^^^^^^^^^^^^^^^^^^^^^^
  File "C:\Users\hi\AppData\Local\Programs\Python\Python312\Lib\asyncio\base_events.py", line 905, in getaddrinfo
    return await self.run_in_executor(
           ^^^^^^^^^^^^^^^^^^^^^^^^^^^
  File "C:\Users\hi\AppData\Local\Programs\Python\Python312\Lib\concurrent\futures\thread.py", line 59, in run
    result = self.fn(*self.args, **self.kwargs)
             ^^^^^^^^^^^^^^^^^^^^^^^^^^^^^^^^^^
  File "C:\Users\hi\AppData\Local\Programs\Python\Python312\Lib\socket.py", line 978, in getaddrinfo
    for res in _socket.getaddrinfo(host, port, family, type, proto, flags):
               ^^^^^^^^^^^^^^^^^^^^^^^^^^^^^^^^^^^^^^^^^^^^^^^^^^^^^^^^^^^
socket.gaierror: [Errno 11001] getaddrinfo failed
[2026-08-04 16:00:00,096: INFO/MainProcess] Task check_scheduled_cycles[d8fb5713-56a6-4b7e-bf90-e9d47fff4f02] received
[2026-08-04 16:00:00,120: ERROR/MainProcess] Task check_scheduled_cycles[d8fb5713-56a6-4b7e-bf90-e9d47fff4f02] raised unexpected: gaierror(11001, 'getaddrinfo failed')
Traceback (most recent call last):
  File "D:\CrewLab - Copy\backend\venv\Lib\site-packages\celery\app\trace.py", line 585, in trace_task
    R = retval = fun(*args, **kwargs)
                 ^^^^^^^^^^^^^^^^^^^^
  File "D:\CrewLab - Copy\backend\venv\Lib\site-packages\celery\app\trace.py", line 858, in __protected_call__
    return self.run(*args, **kwargs)
           ^^^^^^^^^^^^^^^^^^^^^^^^^
  File "D:\CrewLab - Copy\backend\app\tasks\orchestrator_tasks.py", line 131, in check_scheduled_cycles
    run_async(_run())
  File "D:\CrewLab - Copy\backend\app\tasks\orchestrator_tasks.py", line 39, in run_async
    return loop.run_until_complete(coro)
           ^^^^^^^^^^^^^^^^^^^^^^^^^^^^^
  File "C:\Users\hi\AppData\Local\Programs\Python\Python312\Lib\asyncio\base_events.py", line 691, in run_until_complete
    return future.result()
           ^^^^^^^^^^^^^^^
  File "D:\CrewLab - Copy\backend\app\tasks\orchestrator_tasks.py", line 118, in _run
    result = await session.execute(stmt)
             ^^^^^^^^^^^^^^^^^^^^^^^^^^^
  File "D:\CrewLab - Copy\backend\venv\Lib\site-packages\sqlalchemy\ext\asyncio\session.py", line 448, in execute
    result = await greenlet_spawn(
             ^^^^^^^^^^^^^^^^^^^^^
  File "D:\CrewLab - Copy\backend\venv\Lib\site-packages\sqlalchemy\util\_concurrency_py3k.py", line 201, in greenlet_spawn
    result = context.throw(*sys.exc_info())
             ^^^^^^^^^^^^^^^^^^^^^^^^^^^^^^
  File "D:\CrewLab - Copy\backend\venv\Lib\site-packages\sqlalchemy\orm\session.py", line 2373, in execute
    return self._execute_internal(
           ^^^^^^^^^^^^^^^^^^^^^^^
  File "D:\CrewLab - Copy\backend\venv\Lib\site-packages\sqlalchemy\orm\session.py", line 2261, in _execute_internal
    conn = self._connection_for_bind(bind)
           ^^^^^^^^^^^^^^^^^^^^^^^^^^^^^^^
  File "D:\CrewLab - Copy\backend\venv\Lib\site-packages\sqlalchemy\orm\session.py", line 2113, in _connection_for_bind
    return trans._connection_for_bind(engine, execution_options)
           ^^^^^^^^^^^^^^^^^^^^^^^^^^^^^^^^^^^^^^^^^^^^^^^^^^^^^
  File "<string>", line 2, in _connection_for_bind
  File "D:\CrewLab - Copy\backend\venv\Lib\site-packages\sqlalchemy\orm\state_changes.py", line 137, in _go
    ret_value = fn(self, *arg, **kw)
                ^^^^^^^^^^^^^^^^^^^^
  File "D:\CrewLab - Copy\backend\venv\Lib\site-packages\sqlalchemy\orm\session.py", line 1191, in _connection_for_bind
    conn = bind.connect()
           ^^^^^^^^^^^^^^
  File "D:\CrewLab - Copy\backend\venv\Lib\site-packages\sqlalchemy\engine\base.py", line 3295, in connect
    return self._connection_cls(self)
           ^^^^^^^^^^^^^^^^^^^^^^^^^^
  File "D:\CrewLab - Copy\backend\venv\Lib\site-packages\sqlalchemy\engine\base.py", line 144, in __init__
    self._dbapi_connection = engine.raw_connection()
                             ^^^^^^^^^^^^^^^^^^^^^^^
  File "D:\CrewLab - Copy\backend\venv\Lib\site-packages\sqlalchemy\engine\base.py", line 3319, in raw_connection
    return self.pool.connect()
           ^^^^^^^^^^^^^^^^^^^
  File "D:\CrewLab - Copy\backend\venv\Lib\site-packages\sqlalchemy\pool\base.py", line 448, in connect
    return _ConnectionFairy._checkout(self)
           ^^^^^^^^^^^^^^^^^^^^^^^^^^^^^^^^
  File "D:\CrewLab - Copy\backend\venv\Lib\site-packages\sqlalchemy\pool\base.py", line 1272, in _checkout
    fairy = _ConnectionRecord.checkout(pool)
            ^^^^^^^^^^^^^^^^^^^^^^^^^^^^^^^^
  File "D:\CrewLab - Copy\backend\venv\Lib\site-packages\sqlalchemy\pool\base.py", line 712, in checkout
    rec = pool._do_get()
          ^^^^^^^^^^^^^^
  File "D:\CrewLab - Copy\backend\venv\Lib\site-packages\sqlalchemy\pool\impl.py", line 178, in _do_get
    with util.safe_reraise():
         ^^^^^^^^^^^^^^^^^^^
  File "D:\CrewLab - Copy\backend\venv\Lib\site-packages\sqlalchemy\util\langhelpers.py", line 122, in __exit__
    raise exc_value.with_traceback(exc_tb)
  File "D:\CrewLab - Copy\backend\venv\Lib\site-packages\sqlalchemy\pool\impl.py", line 176, in _do_get
    return self._create_connection()
           ^^^^^^^^^^^^^^^^^^^^^^^^^
  File "D:\CrewLab - Copy\backend\venv\Lib\site-packages\sqlalchemy\pool\base.py", line 389, in _create_connection
    return _ConnectionRecord(self)
           ^^^^^^^^^^^^^^^^^^^^^^^
  File "D:\CrewLab - Copy\backend\venv\Lib\site-packages\sqlalchemy\pool\base.py", line 674, in __init__
    self.__connect()
  File "D:\CrewLab - Copy\backend\venv\Lib\site-packages\sqlalchemy\pool\base.py", line 900, in __connect
    with util.safe_reraise():
         ^^^^^^^^^^^^^^^^^^^
  File "D:\CrewLab - Copy\backend\venv\Lib\site-packages\sqlalchemy\util\langhelpers.py", line 122, in __exit__
    raise exc_value.with_traceback(exc_tb)
  File "D:\CrewLab - Copy\backend\venv\Lib\site-packages\sqlalchemy\pool\base.py", line 896, in __connect
    self.dbapi_connection = connection = pool._invoke_creator(self)
                                         ^^^^^^^^^^^^^^^^^^^^^^^^^^
  File "D:\CrewLab - Copy\backend\venv\Lib\site-packages\sqlalchemy\engine\create.py", line 667, in connect
    return dialect.connect(*cargs_tup, **cparams)
           ^^^^^^^^^^^^^^^^^^^^^^^^^^^^^^^^^^^^^^
  File "D:\CrewLab - Copy\backend\venv\Lib\site-packages\sqlalchemy\engine\default.py", line 630, in connect
    return self.loaded_dbapi.connect(*cargs, **cparams)  # type: ignore[no-any-return]  # NOQA: E501
           ^^^^^^^^^^^^^^^^^^^^^^^^^^^^^^^^^^^^^^^^^^^^
  File "D:\CrewLab - Copy\backend\venv\Lib\site-packages\sqlalchemy\dialects\postgresql\asyncpg.py", line 955, in connect
    await_only(creator_fn(*arg, **kw)),
    ^^^^^^^^^^^^^^^^^^^^^^^^^^^^^^^^^^
  File "D:\CrewLab - Copy\backend\venv\Lib\site-packages\sqlalchemy\util\_concurrency_py3k.py", line 132, in await_only
    return current.parent.switch(awaitable)  # type: ignore[no-any-return,attr-defined] # noqa: E501
           ^^^^^^^^^^^^^^^^^^^^^^^^^^^^^^^^
  File "D:\CrewLab - Copy\backend\venv\Lib\site-packages\sqlalchemy\util\_concurrency_py3k.py", line 196, in greenlet_spawn
    value = await result
            ^^^^^^^^^^^^
  File "D:\CrewLab - Copy\backend\venv\Lib\site-packages\asyncpg\connection.py", line 2443, in connect
    return await connect_utils._connect(
           ^^^^^^^^^^^^^^^^^^^^^^^^^^^^^
  File "D:\CrewLab - Copy\backend\venv\Lib\site-packages\asyncpg\connect_utils.py", line 1249, in _connect
    raise last_error or exceptions.TargetServerAttributeNotMatched(
  File "D:\CrewLab - Copy\backend\venv\Lib\site-packages\asyncpg\connect_utils.py", line 1218, in _connect
    conn = await _connect_addr(
           ^^^^^^^^^^^^^^^^^^^^
  File "D:\CrewLab - Copy\backend\venv\Lib\site-packages\asyncpg\connect_utils.py", line 1054, in _connect_addr
    return await __connect_addr(params, True, *args)
           ^^^^^^^^^^^^^^^^^^^^^^^^^^^^^^^^^^^^^^^^^
  File "D:\CrewLab - Copy\backend\venv\Lib\site-packages\asyncpg\connect_utils.py", line 1099, in __connect_addr
    tr, pr = await connector
             ^^^^^^^^^^^^^^^
  File "D:\CrewLab - Copy\backend\venv\Lib\site-packages\asyncpg\connect_utils.py", line 969, in _create_ssl_connection
    tr, pr = await loop.create_connection(
             ^^^^^^^^^^^^^^^^^^^^^^^^^^^^^
  File "C:\Users\hi\AppData\Local\Programs\Python\Python312\Lib\asyncio\base_events.py", line 1083, in create_connection
    infos = await self._ensure_resolved(
            ^^^^^^^^^^^^^^^^^^^^^^^^^^^^
  File "C:\Users\hi\AppData\Local\Programs\Python\Python312\Lib\asyncio\base_events.py", line 1466, in _ensure_resolved
    return await loop.getaddrinfo(host, port, family=family, type=type,
           ^^^^^^^^^^^^^^^^^^^^^^^^^^^^^^^^^^^^^^^^^^^^^^^^^^^^^^^^^^^^
  File "C:\Users\hi\AppData\Local\Programs\Python\Python312\Lib\asyncio\base_events.py", line 905, in getaddrinfo
    return await self.run_in_executor(
           ^^^^^^^^^^^^^^^^^^^^^^^^^^^
  File "C:\Users\hi\AppData\Local\Programs\Python\Python312\Lib\concurrent\futures\thread.py", line 59, in run
    result = self.fn(*self.args, **self.kwargs)
             ^^^^^^^^^^^^^^^^^^^^^^^^^^^^^^^^^^
  File "C:\Users\hi\AppData\Local\Programs\Python\Python312\Lib\socket.py", line 978, in getaddrinfo
    for res in _socket.getaddrinfo(host, port, family, type, proto, flags):
               ^^^^^^^^^^^^^^^^^^^^^^^^^^^^^^^^^^^^^^^^^^^^^^^^^^^^^^^^^^^
socket.gaierror: [Errno 11001] getaddrinfo failed
[2026-08-04 16:15:00,039: INFO/MainProcess] Task check_scheduled_cycles[cceab66e-0845-4f03-a90a-ee664b9e3138] received
[2026-08-04 16:15:00,117: ERROR/MainProcess] Task check_scheduled_cycles[cceab66e-0845-4f03-a90a-ee664b9e3138] raised unexpected: gaierror(11001, 'getaddrinfo failed')
Traceback (most recent call last):
  File "D:\CrewLab - Copy\backend\venv\Lib\site-packages\celery\app\trace.py", line 585, in trace_task
    R = retval = fun(*args, **kwargs)
                 ^^^^^^^^^^^^^^^^^^^^
  File "D:\CrewLab - Copy\backend\venv\Lib\site-packages\celery\app\trace.py", line 858, in __protected_call__
    return self.run(*args, **kwargs)
           ^^^^^^^^^^^^^^^^^^^^^^^^^
  File "D:\CrewLab - Copy\backend\app\tasks\orchestrator_tasks.py", line 131, in check_scheduled_cycles
    run_async(_run())
  File "D:\CrewLab - Copy\backend\app\tasks\orchestrator_tasks.py", line 39, in run_async
    return loop.run_until_complete(coro)
           ^^^^^^^^^^^^^^^^^^^^^^^^^^^^^
  File "C:\Users\hi\AppData\Local\Programs\Python\Python312\Lib\asyncio\base_events.py", line 691, in run_until_complete
    return future.result()
           ^^^^^^^^^^^^^^^
  File "D:\CrewLab - Copy\backend\app\tasks\orchestrator_tasks.py", line 118, in _run
    result = await session.execute(stmt)
             ^^^^^^^^^^^^^^^^^^^^^^^^^^^
  File "D:\CrewLab - Copy\backend\venv\Lib\site-packages\sqlalchemy\ext\asyncio\session.py", line 448, in execute
    result = await greenlet_spawn(
             ^^^^^^^^^^^^^^^^^^^^^
  File "D:\CrewLab - Copy\backend\venv\Lib\site-packages\sqlalchemy\util\_concurrency_py3k.py", line 201, in greenlet_spawn
    result = context.throw(*sys.exc_info())
             ^^^^^^^^^^^^^^^^^^^^^^^^^^^^^^
  File "D:\CrewLab - Copy\backend\venv\Lib\site-packages\sqlalchemy\orm\session.py", line 2373, in execute
    return self._execute_internal(
           ^^^^^^^^^^^^^^^^^^^^^^^
  File "D:\CrewLab - Copy\backend\venv\Lib\site-packages\sqlalchemy\orm\session.py", line 2261, in _execute_internal
    conn = self._connection_for_bind(bind)
           ^^^^^^^^^^^^^^^^^^^^^^^^^^^^^^^
  File "D:\CrewLab - Copy\backend\venv\Lib\site-packages\sqlalchemy\orm\session.py", line 2113, in _connection_for_bind
    return trans._connection_for_bind(engine, execution_options)
           ^^^^^^^^^^^^^^^^^^^^^^^^^^^^^^^^^^^^^^^^^^^^^^^^^^^^^
  File "<string>", line 2, in _connection_for_bind
  File "D:\CrewLab - Copy\backend\venv\Lib\site-packages\sqlalchemy\orm\state_changes.py", line 137, in _go
    ret_value = fn(self, *arg, **kw)
                ^^^^^^^^^^^^^^^^^^^^
  File "D:\CrewLab - Copy\backend\venv\Lib\site-packages\sqlalchemy\orm\session.py", line 1191, in _connection_for_bind
    conn = bind.connect()
           ^^^^^^^^^^^^^^
  File "D:\CrewLab - Copy\backend\venv\Lib\site-packages\sqlalchemy\engine\base.py", line 3295, in connect
    return self._connection_cls(self)
           ^^^^^^^^^^^^^^^^^^^^^^^^^^
  File "D:\CrewLab - Copy\backend\venv\Lib\site-packages\sqlalchemy\engine\base.py", line 144, in __init__
    self._dbapi_connection = engine.raw_connection()
                             ^^^^^^^^^^^^^^^^^^^^^^^
  File "D:\CrewLab - Copy\backend\venv\Lib\site-packages\sqlalchemy\engine\base.py", line 3319, in raw_connection
    return self.pool.connect()
           ^^^^^^^^^^^^^^^^^^^
  File "D:\CrewLab - Copy\backend\venv\Lib\site-packages\sqlalchemy\pool\base.py", line 448, in connect
    return _ConnectionFairy._checkout(self)
           ^^^^^^^^^^^^^^^^^^^^^^^^^^^^^^^^
  File "D:\CrewLab - Copy\backend\venv\Lib\site-packages\sqlalchemy\pool\base.py", line 1272, in _checkout
    fairy = _ConnectionRecord.checkout(pool)
            ^^^^^^^^^^^^^^^^^^^^^^^^^^^^^^^^
  File "D:\CrewLab - Copy\backend\venv\Lib\site-packages\sqlalchemy\pool\base.py", line 712, in checkout
    rec = pool._do_get()
          ^^^^^^^^^^^^^^
  File "D:\CrewLab - Copy\backend\venv\Lib\site-packages\sqlalchemy\pool\impl.py", line 178, in _do_get
    with util.safe_reraise():
         ^^^^^^^^^^^^^^^^^^^
  File "D:\CrewLab - Copy\backend\venv\Lib\site-packages\sqlalchemy\util\langhelpers.py", line 122, in __exit__
    raise exc_value.with_traceback(exc_tb)
  File "D:\CrewLab - Copy\backend\venv\Lib\site-packages\sqlalchemy\pool\impl.py", line 176, in _do_get
    return self._create_connection()
           ^^^^^^^^^^^^^^^^^^^^^^^^^
  File "D:\CrewLab - Copy\backend\venv\Lib\site-packages\sqlalchemy\pool\base.py", line 389, in _create_connection
    return _ConnectionRecord(self)
           ^^^^^^^^^^^^^^^^^^^^^^^
  File "D:\CrewLab - Copy\backend\venv\Lib\site-packages\sqlalchemy\pool\base.py", line 674, in __init__
    self.__connect()
  File "D:\CrewLab - Copy\backend\venv\Lib\site-packages\sqlalchemy\pool\base.py", line 900, in __connect
    with util.safe_reraise():
         ^^^^^^^^^^^^^^^^^^^
  File "D:\CrewLab - Copy\backend\venv\Lib\site-packages\sqlalchemy\util\langhelpers.py", line 122, in __exit__
    raise exc_value.with_traceback(exc_tb)
  File "D:\CrewLab - Copy\backend\venv\Lib\site-packages\sqlalchemy\pool\base.py", line 896, in __connect
    self.dbapi_connection = connection = pool._invoke_creator(self)
                                         ^^^^^^^^^^^^^^^^^^^^^^^^^^
  File "D:\CrewLab - Copy\backend\venv\Lib\site-packages\sqlalchemy\engine\create.py", line 667, in connect
    return dialect.connect(*cargs_tup, **cparams)
           ^^^^^^^^^^^^^^^^^^^^^^^^^^^^^^^^^^^^^^
  File "D:\CrewLab - Copy\backend\venv\Lib\site-packages\sqlalchemy\engine\default.py", line 630, in connect
    return self.loaded_dbapi.connect(*cargs, **cparams)  # type: ignore[no-any-return]  # NOQA: E501
           ^^^^^^^^^^^^^^^^^^^^^^^^^^^^^^^^^^^^^^^^^^^^
  File "D:\CrewLab - Copy\backend\venv\Lib\site-packages\sqlalchemy\dialects\postgresql\asyncpg.py", line 955, in connect
    await_only(creator_fn(*arg, **kw)),
    ^^^^^^^^^^^^^^^^^^^^^^^^^^^^^^^^^^
  File "D:\CrewLab - Copy\backend\venv\Lib\site-packages\sqlalchemy\util\_concurrency_py3k.py", line 132, in await_only
    return current.parent.switch(awaitable)  # type: ignore[no-any-return,attr-defined] # noqa: E501
           ^^^^^^^^^^^^^^^^^^^^^^^^^^^^^^^^
  File "D:\CrewLab - Copy\backend\venv\Lib\site-packages\sqlalchemy\util\_concurrency_py3k.py", line 196, in greenlet_spawn
    value = await result
            ^^^^^^^^^^^^
  File "D:\CrewLab - Copy\backend\venv\Lib\site-packages\asyncpg\connection.py", line 2443, in connect
    return await connect_utils._connect(
           ^^^^^^^^^^^^^^^^^^^^^^^^^^^^^
  File "D:\CrewLab - Copy\backend\venv\Lib\site-packages\asyncpg\connect_utils.py", line 1249, in _connect
    raise last_error or exceptions.TargetServerAttributeNotMatched(
  File "D:\CrewLab - Copy\backend\venv\Lib\site-packages\asyncpg\connect_utils.py", line 1218, in _connect
    conn = await _connect_addr(
           ^^^^^^^^^^^^^^^^^^^^
  File "D:\CrewLab - Copy\backend\venv\Lib\site-packages\asyncpg\connect_utils.py", line 1054, in _connect_addr
    return await __connect_addr(params, True, *args)
           ^^^^^^^^^^^^^^^^^^^^^^^^^^^^^^^^^^^^^^^^^
  File "D:\CrewLab - Copy\backend\venv\Lib\site-packages\asyncpg\connect_utils.py", line 1099, in __connect_addr
    tr, pr = await connector
             ^^^^^^^^^^^^^^^
  File "D:\CrewLab - Copy\backend\venv\Lib\site-packages\asyncpg\connect_utils.py", line 969, in _create_ssl_connection
    tr, pr = await loop.create_connection(
             ^^^^^^^^^^^^^^^^^^^^^^^^^^^^^
  File "C:\Users\hi\AppData\Local\Programs\Python\Python312\Lib\asyncio\base_events.py", line 1083, in create_connection
    infos = await self._ensure_resolved(
            ^^^^^^^^^^^^^^^^^^^^^^^^^^^^
  File "C:\Users\hi\AppData\Local\Programs\Python\Python312\Lib\asyncio\base_events.py", line 1466, in _ensure_resolved
    return await loop.getaddrinfo(host, port, family=family, type=type,
           ^^^^^^^^^^^^^^^^^^^^^^^^^^^^^^^^^^^^^^^^^^^^^^^^^^^^^^^^^^^^
  File "C:\Users\hi\AppData\Local\Programs\Python\Python312\Lib\asyncio\base_events.py", line 905, in getaddrinfo
    return await self.run_in_executor(
           ^^^^^^^^^^^^^^^^^^^^^^^^^^^
  File "C:\Users\hi\AppData\Local\Programs\Python\Python312\Lib\concurrent\futures\thread.py", line 59, in run
    result = self.fn(*self.args, **self.kwargs)
             ^^^^^^^^^^^^^^^^^^^^^^^^^^^^^^^^^^
  File "C:\Users\hi\AppData\Local\Programs\Python\Python312\Lib\socket.py", line 978, in getaddrinfo
    for res in _socket.getaddrinfo(host, port, family, type, proto, flags):
               ^^^^^^^^^^^^^^^^^^^^^^^^^^^^^^^^^^^^^^^^^^^^^^^^^^^^^^^^^^^
socket.gaierror: [Errno 11001] getaddrinfo failed
[2026-08-04 16:30:00,058: INFO/MainProcess] Task check_scheduled_cycles[1117fb94-f055-4483-8d9b-c1982498e37d] received
[2026-08-04 16:30:00,131: ERROR/MainProcess] Task check_scheduled_cycles[1117fb94-f055-4483-8d9b-c1982498e37d] raised unexpected: gaierror(11001, 'getaddrinfo failed')
Traceback (most recent call last):
  File "D:\CrewLab - Copy\backend\venv\Lib\site-packages\celery\app\trace.py", line 585, in trace_task
    R = retval = fun(*args, **kwargs)
                 ^^^^^^^^^^^^^^^^^^^^
  File "D:\CrewLab - Copy\backend\venv\Lib\site-packages\celery\app\trace.py", line 858, in __protected_call__
    return self.run(*args, **kwargs)
           ^^^^^^^^^^^^^^^^^^^^^^^^^
  File "D:\CrewLab - Copy\backend\app\tasks\orchestrator_tasks.py", line 131, in check_scheduled_cycles
    run_async(_run())
  File "D:\CrewLab - Copy\backend\app\tasks\orchestrator_tasks.py", line 39, in run_async
    return loop.run_until_complete(coro)
           ^^^^^^^^^^^^^^^^^^^^^^^^^^^^^
  File "C:\Users\hi\AppData\Local\Programs\Python\Python312\Lib\asyncio\base_events.py", line 691, in run_until_complete
    return future.result()
           ^^^^^^^^^^^^^^^
  File "D:\CrewLab - Copy\backend\app\tasks\orchestrator_tasks.py", line 118, in _run
    result = await session.execute(stmt)
             ^^^^^^^^^^^^^^^^^^^^^^^^^^^
  File "D:\CrewLab - Copy\backend\venv\Lib\site-packages\sqlalchemy\ext\asyncio\session.py", line 448, in execute
    result = await greenlet_spawn(
             ^^^^^^^^^^^^^^^^^^^^^
  File "D:\CrewLab - Copy\backend\venv\Lib\site-packages\sqlalchemy\util\_concurrency_py3k.py", line 201, in greenlet_spawn
    result = context.throw(*sys.exc_info())
             ^^^^^^^^^^^^^^^^^^^^^^^^^^^^^^
  File "D:\CrewLab - Copy\backend\venv\Lib\site-packages\sqlalchemy\orm\session.py", line 2373, in execute
    return self._execute_internal(
           ^^^^^^^^^^^^^^^^^^^^^^^
  File "D:\CrewLab - Copy\backend\venv\Lib\site-packages\sqlalchemy\orm\session.py", line 2261, in _execute_internal
    conn = self._connection_for_bind(bind)
           ^^^^^^^^^^^^^^^^^^^^^^^^^^^^^^^
  File "D:\CrewLab - Copy\backend\venv\Lib\site-packages\sqlalchemy\orm\session.py", line 2113, in _connection_for_bind
    return trans._connection_for_bind(engine, execution_options)
           ^^^^^^^^^^^^^^^^^^^^^^^^^^^^^^^^^^^^^^^^^^^^^^^^^^^^^
  File "<string>", line 2, in _connection_for_bind
  File "D:\CrewLab - Copy\backend\venv\Lib\site-packages\sqlalchemy\orm\state_changes.py", line 137, in _go
    ret_value = fn(self, *arg, **kw)
                ^^^^^^^^^^^^^^^^^^^^
  File "D:\CrewLab - Copy\backend\venv\Lib\site-packages\sqlalchemy\orm\session.py", line 1191, in _connection_for_bind
    conn = bind.connect()
           ^^^^^^^^^^^^^^
  File "D:\CrewLab - Copy\backend\venv\Lib\site-packages\sqlalchemy\engine\base.py", line 3295, in connect
    return self._connection_cls(self)
           ^^^^^^^^^^^^^^^^^^^^^^^^^^
  File "D:\CrewLab - Copy\backend\venv\Lib\site-packages\sqlalchemy\engine\base.py", line 144, in __init__
    self._dbapi_connection = engine.raw_connection()
                             ^^^^^^^^^^^^^^^^^^^^^^^
  File "D:\CrewLab - Copy\backend\venv\Lib\site-packages\sqlalchemy\engine\base.py", line 3319, in raw_connection
    return self.pool.connect()
           ^^^^^^^^^^^^^^^^^^^
  File "D:\CrewLab - Copy\backend\venv\Lib\site-packages\sqlalchemy\pool\base.py", line 448, in connect
    return _ConnectionFairy._checkout(self)
           ^^^^^^^^^^^^^^^^^^^^^^^^^^^^^^^^
  File "D:\CrewLab - Copy\backend\venv\Lib\site-packages\sqlalchemy\pool\base.py", line 1272, in _checkout
    fairy = _ConnectionRecord.checkout(pool)
            ^^^^^^^^^^^^^^^^^^^^^^^^^^^^^^^^
  File "D:\CrewLab - Copy\backend\venv\Lib\site-packages\sqlalchemy\pool\base.py", line 712, in checkout
    rec = pool._do_get()
          ^^^^^^^^^^^^^^
  File "D:\CrewLab - Copy\backend\venv\Lib\site-packages\sqlalchemy\pool\impl.py", line 178, in _do_get
    with util.safe_reraise():
         ^^^^^^^^^^^^^^^^^^^
  File "D:\CrewLab - Copy\backend\venv\Lib\site-packages\sqlalchemy\util\langhelpers.py", line 122, in __exit__
    raise exc_value.with_traceback(exc_tb)
  File "D:\CrewLab - Copy\backend\venv\Lib\site-packages\sqlalchemy\pool\impl.py", line 176, in _do_get
    return self._create_connection()
           ^^^^^^^^^^^^^^^^^^^^^^^^^
  File "D:\CrewLab - Copy\backend\venv\Lib\site-packages\sqlalchemy\pool\base.py", line 389, in _create_connection
    return _ConnectionRecord(self)
           ^^^^^^^^^^^^^^^^^^^^^^^
  File "D:\CrewLab - Copy\backend\venv\Lib\site-packages\sqlalchemy\pool\base.py", line 674, in __init__
    self.__connect()
  File "D:\CrewLab - Copy\backend\venv\Lib\site-packages\sqlalchemy\pool\base.py", line 900, in __connect
    with util.safe_reraise():
         ^^^^^^^^^^^^^^^^^^^
  File "D:\CrewLab - Copy\backend\venv\Lib\site-packages\sqlalchemy\util\langhelpers.py", line 122, in __exit__
    raise exc_value.with_traceback(exc_tb)
  File "D:\CrewLab - Copy\backend\venv\Lib\site-packages\sqlalchemy\pool\base.py", line 896, in __connect
    self.dbapi_connection = connection = pool._invoke_creator(self)
                                         ^^^^^^^^^^^^^^^^^^^^^^^^^^
  File "D:\CrewLab - Copy\backend\venv\Lib\site-packages\sqlalchemy\engine\create.py", line 667, in connect
    return dialect.connect(*cargs_tup, **cparams)
           ^^^^^^^^^^^^^^^^^^^^^^^^^^^^^^^^^^^^^^
  File "D:\CrewLab - Copy\backend\venv\Lib\site-packages\sqlalchemy\engine\default.py", line 630, in connect
    return self.loaded_dbapi.connect(*cargs, **cparams)  # type: ignore[no-any-return]  # NOQA: E501
           ^^^^^^^^^^^^^^^^^^^^^^^^^^^^^^^^^^^^^^^^^^^^
  File "D:\CrewLab - Copy\backend\venv\Lib\site-packages\sqlalchemy\dialects\postgresql\asyncpg.py", line 955, in connect
    await_only(creator_fn(*arg, **kw)),
    ^^^^^^^^^^^^^^^^^^^^^^^^^^^^^^^^^^
  File "D:\CrewLab - Copy\backend\venv\Lib\site-packages\sqlalchemy\util\_concurrency_py3k.py", line 132, in await_only
    return current.parent.switch(awaitable)  # type: ignore[no-any-return,attr-defined] # noqa: E501
           ^^^^^^^^^^^^^^^^^^^^^^^^^^^^^^^^
  File "D:\CrewLab - Copy\backend\venv\Lib\site-packages\sqlalchemy\util\_concurrency_py3k.py", line 196, in greenlet_spawn
    value = await result
            ^^^^^^^^^^^^
  File "D:\CrewLab - Copy\backend\venv\Lib\site-packages\asyncpg\connection.py", line 2443, in connect
    return await connect_utils._connect(
           ^^^^^^^^^^^^^^^^^^^^^^^^^^^^^
  File "D:\CrewLab - Copy\backend\venv\Lib\site-packages\asyncpg\connect_utils.py", line 1249, in _connect
    raise last_error or exceptions.TargetServerAttributeNotMatched(
  File "D:\CrewLab - Copy\backend\venv\Lib\site-packages\asyncpg\connect_utils.py", line 1218, in _connect
    conn = await _connect_addr(
           ^^^^^^^^^^^^^^^^^^^^
  File "D:\CrewLab - Copy\backend\venv\Lib\site-packages\asyncpg\connect_utils.py", line 1054, in _connect_addr
    return await __connect_addr(params, True, *args)
           ^^^^^^^^^^^^^^^^^^^^^^^^^^^^^^^^^^^^^^^^^
  File "D:\CrewLab - Copy\backend\venv\Lib\site-packages\asyncpg\connect_utils.py", line 1099, in __connect_addr
    tr, pr = await connector
             ^^^^^^^^^^^^^^^
  File "D:\CrewLab - Copy\backend\venv\Lib\site-packages\asyncpg\connect_utils.py", line 969, in _create_ssl_connection
    tr, pr = await loop.create_connection(
             ^^^^^^^^^^^^^^^^^^^^^^^^^^^^^
  File "C:\Users\hi\AppData\Local\Programs\Python\Python312\Lib\asyncio\base_events.py", line 1083, in create_connection
    infos = await self._ensure_resolved(
            ^^^^^^^^^^^^^^^^^^^^^^^^^^^^
  File "C:\Users\hi\AppData\Local\Programs\Python\Python312\Lib\asyncio\base_events.py", line 1466, in _ensure_resolved
    return await loop.getaddrinfo(host, port, family=family, type=type,
           ^^^^^^^^^^^^^^^^^^^^^^^^^^^^^^^^^^^^^^^^^^^^^^^^^^^^^^^^^^^^
  File "C:\Users\hi\AppData\Local\Programs\Python\Python312\Lib\asyncio\base_events.py", line 905, in getaddrinfo
    return await self.run_in_executor(
           ^^^^^^^^^^^^^^^^^^^^^^^^^^^
  File "C:\Users\hi\AppData\Local\Programs\Python\Python312\Lib\concurrent\futures\thread.py", line 59, in run
    result = self.fn(*self.args, **self.kwargs)
             ^^^^^^^^^^^^^^^^^^^^^^^^^^^^^^^^^^
  File "C:\Users\hi\AppData\Local\Programs\Python\Python312\Lib\socket.py", line 978, in getaddrinfo
    for res in _socket.getaddrinfo(host, port, family, type, proto, flags):
               ^^^^^^^^^^^^^^^^^^^^^^^^^^^^^^^^^^^^^^^^^^^^^^^^^^^^^^^^^^^
socket.gaierror: [Errno 11001] getaddrinfo failed
[2026-08-04 16:45:00,030: INFO/MainProcess] Task check_scheduled_cycles[03ee71be-e925-4363-ae7b-70a9083f05a0] received
[2026-08-04 16:45:00,159: ERROR/MainProcess] Task check_scheduled_cycles[03ee71be-e925-4363-ae7b-70a9083f05a0] raised unexpected: gaierror(11001, 'getaddrinfo failed')
Traceback (most recent call last):
  File "D:\CrewLab - Copy\backend\venv\Lib\site-packages\celery\app\trace.py", line 585, in trace_task
    R = retval = fun(*args, **kwargs)
                 ^^^^^^^^^^^^^^^^^^^^
  File "D:\CrewLab - Copy\backend\venv\Lib\site-packages\celery\app\trace.py", line 858, in __protected_call__
    return self.run(*args, **kwargs)
           ^^^^^^^^^^^^^^^^^^^^^^^^^
  File "D:\CrewLab - Copy\backend\app\tasks\orchestrator_tasks.py", line 131, in check_scheduled_cycles
    run_async(_run())
  File "D:\CrewLab - Copy\backend\app\tasks\orchestrator_tasks.py", line 39, in run_async
    return loop.run_until_complete(coro)
           ^^^^^^^^^^^^^^^^^^^^^^^^^^^^^
  File "C:\Users\hi\AppData\Local\Programs\Python\Python312\Lib\asyncio\base_events.py", line 691, in run_until_complete
    return future.result()
           ^^^^^^^^^^^^^^^
  File "D:\CrewLab - Copy\backend\app\tasks\orchestrator_tasks.py", line 118, in _run
    result = await session.execute(stmt)
             ^^^^^^^^^^^^^^^^^^^^^^^^^^^
  File "D:\CrewLab - Copy\backend\venv\Lib\site-packages\sqlalchemy\ext\asyncio\session.py", line 448, in execute
    result = await greenlet_spawn(
             ^^^^^^^^^^^^^^^^^^^^^
  File "D:\CrewLab - Copy\backend\venv\Lib\site-packages\sqlalchemy\util\_concurrency_py3k.py", line 201, in greenlet_spawn
    result = context.throw(*sys.exc_info())
             ^^^^^^^^^^^^^^^^^^^^^^^^^^^^^^
  File "D:\CrewLab - Copy\backend\venv\Lib\site-packages\sqlalchemy\orm\session.py", line 2373, in execute
    return self._execute_internal(
           ^^^^^^^^^^^^^^^^^^^^^^^
  File "D:\CrewLab - Copy\backend\venv\Lib\site-packages\sqlalchemy\orm\session.py", line 2261, in _execute_internal
    conn = self._connection_for_bind(bind)
           ^^^^^^^^^^^^^^^^^^^^^^^^^^^^^^^
  File "D:\CrewLab - Copy\backend\venv\Lib\site-packages\sqlalchemy\orm\session.py", line 2113, in _connection_for_bind
    return trans._connection_for_bind(engine, execution_options)
           ^^^^^^^^^^^^^^^^^^^^^^^^^^^^^^^^^^^^^^^^^^^^^^^^^^^^^
  File "<string>", line 2, in _connection_for_bind
  File "D:\CrewLab - Copy\backend\venv\Lib\site-packages\sqlalchemy\orm\state_changes.py", line 137, in _go
    ret_value = fn(self, *arg, **kw)
                ^^^^^^^^^^^^^^^^^^^^
  File "D:\CrewLab - Copy\backend\venv\Lib\site-packages\sqlalchemy\orm\session.py", line 1191, in _connection_for_bind
    conn = bind.connect()
           ^^^^^^^^^^^^^^
  File "D:\CrewLab - Copy\backend\venv\Lib\site-packages\sqlalchemy\engine\base.py", line 3295, in connect
    return self._connection_cls(self)
           ^^^^^^^^^^^^^^^^^^^^^^^^^^
  File "D:\CrewLab - Copy\backend\venv\Lib\site-packages\sqlalchemy\engine\base.py", line 144, in __init__
    self._dbapi_connection = engine.raw_connection()
                             ^^^^^^^^^^^^^^^^^^^^^^^
  File "D:\CrewLab - Copy\backend\venv\Lib\site-packages\sqlalchemy\engine\base.py", line 3319, in raw_connection
    return self.pool.connect()
           ^^^^^^^^^^^^^^^^^^^
  File "D:\CrewLab - Copy\backend\venv\Lib\site-packages\sqlalchemy\pool\base.py", line 448, in connect
    return _ConnectionFairy._checkout(self)
           ^^^^^^^^^^^^^^^^^^^^^^^^^^^^^^^^
  File "D:\CrewLab - Copy\backend\venv\Lib\site-packages\sqlalchemy\pool\base.py", line 1272, in _checkout
    fairy = _ConnectionRecord.checkout(pool)
            ^^^^^^^^^^^^^^^^^^^^^^^^^^^^^^^^
  File "D:\CrewLab - Copy\backend\venv\Lib\site-packages\sqlalchemy\pool\base.py", line 712, in checkout
    rec = pool._do_get()
          ^^^^^^^^^^^^^^
  File "D:\CrewLab - Copy\backend\venv\Lib\site-packages\sqlalchemy\pool\impl.py", line 178, in _do_get
    with util.safe_reraise():
         ^^^^^^^^^^^^^^^^^^^
  File "D:\CrewLab - Copy\backend\venv\Lib\site-packages\sqlalchemy\util\langhelpers.py", line 122, in __exit__
    raise exc_value.with_traceback(exc_tb)
  File "D:\CrewLab - Copy\backend\venv\Lib\site-packages\sqlalchemy\pool\impl.py", line 176, in _do_get
    return self._create_connection()
           ^^^^^^^^^^^^^^^^^^^^^^^^^
  File "D:\CrewLab - Copy\backend\venv\Lib\site-packages\sqlalchemy\pool\base.py", line 389, in _create_connection
    return _ConnectionRecord(self)
           ^^^^^^^^^^^^^^^^^^^^^^^
  File "D:\CrewLab - Copy\backend\venv\Lib\site-packages\sqlalchemy\pool\base.py", line 674, in __init__
    self.__connect()
  File "D:\CrewLab - Copy\backend\venv\Lib\site-packages\sqlalchemy\pool\base.py", line 900, in __connect
    with util.safe_reraise():
         ^^^^^^^^^^^^^^^^^^^
  File "D:\CrewLab - Copy\backend\venv\Lib\site-packages\sqlalchemy\util\langhelpers.py", line 122, in __exit__
    raise exc_value.with_traceback(exc_tb)
  File "D:\CrewLab - Copy\backend\venv\Lib\site-packages\sqlalchemy\pool\base.py", line 896, in __connect
    self.dbapi_connection = connection = pool._invoke_creator(self)
                                         ^^^^^^^^^^^^^^^^^^^^^^^^^^
  File "D:\CrewLab - Copy\backend\venv\Lib\site-packages\sqlalchemy\engine\create.py", line 667, in connect
    return dialect.connect(*cargs_tup, **cparams)
           ^^^^^^^^^^^^^^^^^^^^^^^^^^^^^^^^^^^^^^
  File "D:\CrewLab - Copy\backend\venv\Lib\site-packages\sqlalchemy\engine\default.py", line 630, in connect
    return self.loaded_dbapi.connect(*cargs, **cparams)  # type: ignore[no-any-return]  # NOQA: E501
           ^^^^^^^^^^^^^^^^^^^^^^^^^^^^^^^^^^^^^^^^^^^^
  File "D:\CrewLab - Copy\backend\venv\Lib\site-packages\sqlalchemy\dialects\postgresql\asyncpg.py", line 955, in connect
    await_only(creator_fn(*arg, **kw)),
    ^^^^^^^^^^^^^^^^^^^^^^^^^^^^^^^^^^
  File "D:\CrewLab - Copy\backend\venv\Lib\site-packages\sqlalchemy\util\_concurrency_py3k.py", line 132, in await_only
    return current.parent.switch(awaitable)  # type: ignore[no-any-return,attr-defined] # noqa: E501
           ^^^^^^^^^^^^^^^^^^^^^^^^^^^^^^^^
  File "D:\CrewLab - Copy\backend\venv\Lib\site-packages\sqlalchemy\util\_concurrency_py3k.py", line 196, in greenlet_spawn
    value = await result
            ^^^^^^^^^^^^
  File "D:\CrewLab - Copy\backend\venv\Lib\site-packages\asyncpg\connection.py", line 2443, in connect
    return await connect_utils._connect(
           ^^^^^^^^^^^^^^^^^^^^^^^^^^^^^
  File "D:\CrewLab - Copy\backend\venv\Lib\site-packages\asyncpg\connect_utils.py", line 1249, in _connect
    raise last_error or exceptions.TargetServerAttributeNotMatched(
  File "D:\CrewLab - Copy\backend\venv\Lib\site-packages\asyncpg\connect_utils.py", line 1218, in _connect
    conn = await _connect_addr(
           ^^^^^^^^^^^^^^^^^^^^
  File "D:\CrewLab - Copy\backend\venv\Lib\site-packages\asyncpg\connect_utils.py", line 1054, in _connect_addr
    return await __connect_addr(params, True, *args)
           ^^^^^^^^^^^^^^^^^^^^^^^^^^^^^^^^^^^^^^^^^
  File "D:\CrewLab - Copy\backend\venv\Lib\site-packages\asyncpg\connect_utils.py", line 1099, in __connect_addr
    tr, pr = await connector
             ^^^^^^^^^^^^^^^
  File "D:\CrewLab - Copy\backend\venv\Lib\site-packages\asyncpg\connect_utils.py", line 969, in _create_ssl_connection
    tr, pr = await loop.create_connection(
             ^^^^^^^^^^^^^^^^^^^^^^^^^^^^^
  File "C:\Users\hi\AppData\Local\Programs\Python\Python312\Lib\asyncio\base_events.py", line 1083, in create_connection
    infos = await self._ensure_resolved(
            ^^^^^^^^^^^^^^^^^^^^^^^^^^^^
  File "C:\Users\hi\AppData\Local\Programs\Python\Python312\Lib\asyncio\base_events.py", line 1466, in _ensure_resolved
    return await loop.getaddrinfo(host, port, family=family, type=type,
           ^^^^^^^^^^^^^^^^^^^^^^^^^^^^^^^^^^^^^^^^^^^^^^^^^^^^^^^^^^^^
  File "C:\Users\hi\AppData\Local\Programs\Python\Python312\Lib\asyncio\base_events.py", line 905, in getaddrinfo
    return await self.run_in_executor(
           ^^^^^^^^^^^^^^^^^^^^^^^^^^^
  File "C:\Users\hi\AppData\Local\Programs\Python\Python312\Lib\concurrent\futures\thread.py", line 59, in run
    result = self.fn(*self.args, **self.kwargs)
             ^^^^^^^^^^^^^^^^^^^^^^^^^^^^^^^^^^
  File "C:\Users\hi\AppData\Local\Programs\Python\Python312\Lib\socket.py", line 978, in getaddrinfo
    for res in _socket.getaddrinfo(host, port, family, type, proto, flags):
               ^^^^^^^^^^^^^^^^^^^^^^^^^^^^^^^^^^^^^^^^^^^^^^^^^^^^^^^^^^^
socket.gaierror: [Errno 11001] getaddrinfo failed
[2026-08-04 17:00:00,022: INFO/MainProcess] Task check_asset_request_expiry[a1f554dc-4fc9-4388-a7ff-969b6752e82c] received
[2026-08-04 17:00:00,084: ERROR/MainProcess] Task check_asset_request_expiry[a1f554dc-4fc9-4388-a7ff-969b6752e82c] raised unexpected: gaierror(11001, 'getaddrinfo failed')
Traceback (most recent call last):
  File "D:\CrewLab - Copy\backend\venv\Lib\site-packages\celery\app\trace.py", line 585, in trace_task
    R = retval = fun(*args, **kwargs)
                 ^^^^^^^^^^^^^^^^^^^^
  File "D:\CrewLab - Copy\backend\venv\Lib\site-packages\celery\app\trace.py", line 858, in __protected_call__
    return self.run(*args, **kwargs)
           ^^^^^^^^^^^^^^^^^^^^^^^^^
  File "D:\CrewLab - Copy\backend\app\tasks\orchestrator_tasks.py", line 201, in check_asset_request_expiry
    run_async(_run())
  File "D:\CrewLab - Copy\backend\app\tasks\orchestrator_tasks.py", line 39, in run_async
    return loop.run_until_complete(coro)
           ^^^^^^^^^^^^^^^^^^^^^^^^^^^^^
  File "C:\Users\hi\AppData\Local\Programs\Python\Python312\Lib\asyncio\base_events.py", line 691, in run_until_complete
    return future.result()
           ^^^^^^^^^^^^^^^
  File "D:\CrewLab - Copy\backend\app\tasks\orchestrator_tasks.py", line 199, in _run
    await expire_asset_requests(session)
  File "D:\CrewLab - Copy\backend\app\tasks\orchestrator_tasks.py", line 145, in expire_asset_requests
    requests = (await session.execute(stmt)).scalars().all()
                ^^^^^^^^^^^^^^^^^^^^^^^^^^^
  File "D:\CrewLab - Copy\backend\venv\Lib\site-packages\sqlalchemy\ext\asyncio\session.py", line 448, in execute
    result = await greenlet_spawn(
             ^^^^^^^^^^^^^^^^^^^^^
  File "D:\CrewLab - Copy\backend\venv\Lib\site-packages\sqlalchemy\util\_concurrency_py3k.py", line 201, in greenlet_spawn
    result = context.throw(*sys.exc_info())
             ^^^^^^^^^^^^^^^^^^^^^^^^^^^^^^
  File "D:\CrewLab - Copy\backend\venv\Lib\site-packages\sqlalchemy\orm\session.py", line 2373, in execute
    return self._execute_internal(
           ^^^^^^^^^^^^^^^^^^^^^^^
  File "D:\CrewLab - Copy\backend\venv\Lib\site-packages\sqlalchemy\orm\session.py", line 2261, in _execute_internal
    conn = self._connection_for_bind(bind)
           ^^^^^^^^^^^^^^^^^^^^^^^^^^^^^^^
  File "D:\CrewLab - Copy\backend\venv\Lib\site-packages\sqlalchemy\orm\session.py", line 2113, in _connection_for_bind
    return trans._connection_for_bind(engine, execution_options)
           ^^^^^^^^^^^^^^^^^^^^^^^^^^^^^^^^^^^^^^^^^^^^^^^^^^^^^
  File "<string>", line 2, in _connection_for_bind
  File "D:\CrewLab - Copy\backend\venv\Lib\site-packages\sqlalchemy\orm\state_changes.py", line 137, in _go
    ret_value = fn(self, *arg, **kw)
                ^^^^^^^^^^^^^^^^^^^^
  File "D:\CrewLab - Copy\backend\venv\Lib\site-packages\sqlalchemy\orm\session.py", line 1191, in _connection_for_bind
    conn = bind.connect()
           ^^^^^^^^^^^^^^
  File "D:\CrewLab - Copy\backend\venv\Lib\site-packages\sqlalchemy\engine\base.py", line 3295, in connect
    return self._connection_cls(self)
           ^^^^^^^^^^^^^^^^^^^^^^^^^^
  File "D:\CrewLab - Copy\backend\venv\Lib\site-packages\sqlalchemy\engine\base.py", line 144, in __init__
    self._dbapi_connection = engine.raw_connection()
                             ^^^^^^^^^^^^^^^^^^^^^^^
  File "D:\CrewLab - Copy\backend\venv\Lib\site-packages\sqlalchemy\engine\base.py", line 3319, in raw_connection
    return self.pool.connect()
           ^^^^^^^^^^^^^^^^^^^
  File "D:\CrewLab - Copy\backend\venv\Lib\site-packages\sqlalchemy\pool\base.py", line 448, in connect
    return _ConnectionFairy._checkout(self)
           ^^^^^^^^^^^^^^^^^^^^^^^^^^^^^^^^
  File "D:\CrewLab - Copy\backend\venv\Lib\site-packages\sqlalchemy\pool\base.py", line 1272, in _checkout
    fairy = _ConnectionRecord.checkout(pool)
            ^^^^^^^^^^^^^^^^^^^^^^^^^^^^^^^^
  File "D:\CrewLab - Copy\backend\venv\Lib\site-packages\sqlalchemy\pool\base.py", line 712, in checkout
    rec = pool._do_get()
          ^^^^^^^^^^^^^^
  File "D:\CrewLab - Copy\backend\venv\Lib\site-packages\sqlalchemy\pool\impl.py", line 178, in _do_get
    with util.safe_reraise():
         ^^^^^^^^^^^^^^^^^^^
  File "D:\CrewLab - Copy\backend\venv\Lib\site-packages\sqlalchemy\util\langhelpers.py", line 122, in __exit__
    raise exc_value.with_traceback(exc_tb)
  File "D:\CrewLab - Copy\backend\venv\Lib\site-packages\sqlalchemy\pool\impl.py", line 176, in _do_get
    return self._create_connection()
           ^^^^^^^^^^^^^^^^^^^^^^^^^
  File "D:\CrewLab - Copy\backend\venv\Lib\site-packages\sqlalchemy\pool\base.py", line 389, in _create_connection
    return _ConnectionRecord(self)
           ^^^^^^^^^^^^^^^^^^^^^^^
  File "D:\CrewLab - Copy\backend\venv\Lib\site-packages\sqlalchemy\pool\base.py", line 674, in __init__
    self.__connect()
  File "D:\CrewLab - Copy\backend\venv\Lib\site-packages\sqlalchemy\pool\base.py", line 900, in __connect
    with util.safe_reraise():
         ^^^^^^^^^^^^^^^^^^^
  File "D:\CrewLab - Copy\backend\venv\Lib\site-packages\sqlalchemy\util\langhelpers.py", line 122, in __exit__
    raise exc_value.with_traceback(exc_tb)
  File "D:\CrewLab - Copy\backend\venv\Lib\site-packages\sqlalchemy\pool\base.py", line 896, in __connect
    self.dbapi_connection = connection = pool._invoke_creator(self)
                                         ^^^^^^^^^^^^^^^^^^^^^^^^^^
  File "D:\CrewLab - Copy\backend\venv\Lib\site-packages\sqlalchemy\engine\create.py", line 667, in connect
    return dialect.connect(*cargs_tup, **cparams)
           ^^^^^^^^^^^^^^^^^^^^^^^^^^^^^^^^^^^^^^
  File "D:\CrewLab - Copy\backend\venv\Lib\site-packages\sqlalchemy\engine\default.py", line 630, in connect
    return self.loaded_dbapi.connect(*cargs, **cparams)  # type: ignore[no-any-return]  # NOQA: E501
           ^^^^^^^^^^^^^^^^^^^^^^^^^^^^^^^^^^^^^^^^^^^^
  File "D:\CrewLab - Copy\backend\venv\Lib\site-packages\sqlalchemy\dialects\postgresql\asyncpg.py", line 955, in connect
    await_only(creator_fn(*arg, **kw)),
    ^^^^^^^^^^^^^^^^^^^^^^^^^^^^^^^^^^
  File "D:\CrewLab - Copy\backend\venv\Lib\site-packages\sqlalchemy\util\_concurrency_py3k.py", line 132, in await_only
    return current.parent.switch(awaitable)  # type: ignore[no-any-return,attr-defined] # noqa: E501
           ^^^^^^^^^^^^^^^^^^^^^^^^^^^^^^^^
  File "D:\CrewLab - Copy\backend\venv\Lib\site-packages\sqlalchemy\util\_concurrency_py3k.py", line 196, in greenlet_spawn
    value = await result
            ^^^^^^^^^^^^
  File "D:\CrewLab - Copy\backend\venv\Lib\site-packages\asyncpg\connection.py", line 2443, in connect
    return await connect_utils._connect(
           ^^^^^^^^^^^^^^^^^^^^^^^^^^^^^
  File "D:\CrewLab - Copy\backend\venv\Lib\site-packages\asyncpg\connect_utils.py", line 1249, in _connect
    raise last_error or exceptions.TargetServerAttributeNotMatched(
  File "D:\CrewLab - Copy\backend\venv\Lib\site-packages\asyncpg\connect_utils.py", line 1218, in _connect
    conn = await _connect_addr(
           ^^^^^^^^^^^^^^^^^^^^
  File "D:\CrewLab - Copy\backend\venv\Lib\site-packages\asyncpg\connect_utils.py", line 1054, in _connect_addr
    return await __connect_addr(params, True, *args)
           ^^^^^^^^^^^^^^^^^^^^^^^^^^^^^^^^^^^^^^^^^
  File "D:\CrewLab - Copy\backend\venv\Lib\site-packages\asyncpg\connect_utils.py", line 1099, in __connect_addr
    tr, pr = await connector
             ^^^^^^^^^^^^^^^
  File "D:\CrewLab - Copy\backend\venv\Lib\site-packages\asyncpg\connect_utils.py", line 969, in _create_ssl_connection
    tr, pr = await loop.create_connection(
             ^^^^^^^^^^^^^^^^^^^^^^^^^^^^^
  File "C:\Users\hi\AppData\Local\Programs\Python\Python312\Lib\asyncio\base_events.py", line 1083, in create_connection
    infos = await self._ensure_resolved(
            ^^^^^^^^^^^^^^^^^^^^^^^^^^^^
  File "C:\Users\hi\AppData\Local\Programs\Python\Python312\Lib\asyncio\base_events.py", line 1466, in _ensure_resolved
    return await loop.getaddrinfo(host, port, family=family, type=type,
           ^^^^^^^^^^^^^^^^^^^^^^^^^^^^^^^^^^^^^^^^^^^^^^^^^^^^^^^^^^^^
  File "C:\Users\hi\AppData\Local\Programs\Python\Python312\Lib\asyncio\base_events.py", line 905, in getaddrinfo
    return await self.run_in_executor(
           ^^^^^^^^^^^^^^^^^^^^^^^^^^^
  File "C:\Users\hi\AppData\Local\Programs\Python\Python312\Lib\concurrent\futures\thread.py", line 59, in run
    result = self.fn(*self.args, **self.kwargs)
             ^^^^^^^^^^^^^^^^^^^^^^^^^^^^^^^^^^
  File "C:\Users\hi\AppData\Local\Programs\Python\Python312\Lib\socket.py", line 978, in getaddrinfo
    for res in _socket.getaddrinfo(host, port, family, type, proto, flags):
               ^^^^^^^^^^^^^^^^^^^^^^^^^^^^^^^^^^^^^^^^^^^^^^^^^^^^^^^^^^^
socket.gaierror: [Errno 11001] getaddrinfo failed
[2026-08-04 17:00:00,092: INFO/MainProcess] Task check_scheduled_cycles[39bc59a2-2759-4f1a-827e-a344e0272023] received
[2026-08-04 17:00:00,109: ERROR/MainProcess] Task check_scheduled_cycles[39bc59a2-2759-4f1a-827e-a344e0272023] raised unexpected: gaierror(11001, 'getaddrinfo failed')
Traceback (most recent call last):
  File "D:\CrewLab - Copy\backend\venv\Lib\site-packages\celery\app\trace.py", line 585, in trace_task
    R = retval = fun(*args, **kwargs)
                 ^^^^^^^^^^^^^^^^^^^^
  File "D:\CrewLab - Copy\backend\venv\Lib\site-packages\celery\app\trace.py", line 858, in __protected_call__
    return self.run(*args, **kwargs)
           ^^^^^^^^^^^^^^^^^^^^^^^^^
  File "D:\CrewLab - Copy\backend\app\tasks\orchestrator_tasks.py", line 131, in check_scheduled_cycles
    run_async(_run())
  File "D:\CrewLab - Copy\backend\app\tasks\orchestrator_tasks.py", line 39, in run_async
    return loop.run_until_complete(coro)
           ^^^^^^^^^^^^^^^^^^^^^^^^^^^^^
  File "C:\Users\hi\AppData\Local\Programs\Python\Python312\Lib\asyncio\base_events.py", line 691, in run_until_complete
    return future.result()
           ^^^^^^^^^^^^^^^
  File "D:\CrewLab - Copy\backend\app\tasks\orchestrator_tasks.py", line 118, in _run
    result = await session.execute(stmt)
             ^^^^^^^^^^^^^^^^^^^^^^^^^^^
  File "D:\CrewLab - Copy\backend\venv\Lib\site-packages\sqlalchemy\ext\asyncio\session.py", line 448, in execute
    result = await greenlet_spawn(
             ^^^^^^^^^^^^^^^^^^^^^
  File "D:\CrewLab - Copy\backend\venv\Lib\site-packages\sqlalchemy\util\_concurrency_py3k.py", line 201, in greenlet_spawn
    result = context.throw(*sys.exc_info())
             ^^^^^^^^^^^^^^^^^^^^^^^^^^^^^^
  File "D:\CrewLab - Copy\backend\venv\Lib\site-packages\sqlalchemy\orm\session.py", line 2373, in execute
    return self._execute_internal(
           ^^^^^^^^^^^^^^^^^^^^^^^
  File "D:\CrewLab - Copy\backend\venv\Lib\site-packages\sqlalchemy\orm\session.py", line 2261, in _execute_internal
    conn = self._connection_for_bind(bind)
           ^^^^^^^^^^^^^^^^^^^^^^^^^^^^^^^
  File "D:\CrewLab - Copy\backend\venv\Lib\site-packages\sqlalchemy\orm\session.py", line 2113, in _connection_for_bind
    return trans._connection_for_bind(engine, execution_options)
           ^^^^^^^^^^^^^^^^^^^^^^^^^^^^^^^^^^^^^^^^^^^^^^^^^^^^^
  File "<string>", line 2, in _connection_for_bind
  File "D:\CrewLab - Copy\backend\venv\Lib\site-packages\sqlalchemy\orm\state_changes.py", line 137, in _go
    ret_value = fn(self, *arg, **kw)
                ^^^^^^^^^^^^^^^^^^^^
  File "D:\CrewLab - Copy\backend\venv\Lib\site-packages\sqlalchemy\orm\session.py", line 1191, in _connection_for_bind
    conn = bind.connect()
           ^^^^^^^^^^^^^^
  File "D:\CrewLab - Copy\backend\venv\Lib\site-packages\sqlalchemy\engine\base.py", line 3295, in connect
    return self._connection_cls(self)
           ^^^^^^^^^^^^^^^^^^^^^^^^^^
  File "D:\CrewLab - Copy\backend\venv\Lib\site-packages\sqlalchemy\engine\base.py", line 144, in __init__
    self._dbapi_connection = engine.raw_connection()
                             ^^^^^^^^^^^^^^^^^^^^^^^
  File "D:\CrewLab - Copy\backend\venv\Lib\site-packages\sqlalchemy\engine\base.py", line 3319, in raw_connection
    return self.pool.connect()
           ^^^^^^^^^^^^^^^^^^^
  File "D:\CrewLab - Copy\backend\venv\Lib\site-packages\sqlalchemy\pool\base.py", line 448, in connect
    return _ConnectionFairy._checkout(self)
           ^^^^^^^^^^^^^^^^^^^^^^^^^^^^^^^^
  File "D:\CrewLab - Copy\backend\venv\Lib\site-packages\sqlalchemy\pool\base.py", line 1272, in _checkout
    fairy = _ConnectionRecord.checkout(pool)
            ^^^^^^^^^^^^^^^^^^^^^^^^^^^^^^^^
  File "D:\CrewLab - Copy\backend\venv\Lib\site-packages\sqlalchemy\pool\base.py", line 712, in checkout
    rec = pool._do_get()
          ^^^^^^^^^^^^^^
  File "D:\CrewLab - Copy\backend\venv\Lib\site-packages\sqlalchemy\pool\impl.py", line 178, in _do_get
    with util.safe_reraise():
         ^^^^^^^^^^^^^^^^^^^
  File "D:\CrewLab - Copy\backend\venv\Lib\site-packages\sqlalchemy\util\langhelpers.py", line 122, in __exit__
    raise exc_value.with_traceback(exc_tb)
  File "D:\CrewLab - Copy\backend\venv\Lib\site-packages\sqlalchemy\pool\impl.py", line 176, in _do_get
    return self._create_connection()
           ^^^^^^^^^^^^^^^^^^^^^^^^^
  File "D:\CrewLab - Copy\backend\venv\Lib\site-packages\sqlalchemy\pool\base.py", line 389, in _create_connection
    return _ConnectionRecord(self)
           ^^^^^^^^^^^^^^^^^^^^^^^
  File "D:\CrewLab - Copy\backend\venv\Lib\site-packages\sqlalchemy\pool\base.py", line 674, in __init__
    self.__connect()
  File "D:\CrewLab - Copy\backend\venv\Lib\site-packages\sqlalchemy\pool\base.py", line 900, in __connect
    with util.safe_reraise():
         ^^^^^^^^^^^^^^^^^^^
  File "D:\CrewLab - Copy\backend\venv\Lib\site-packages\sqlalchemy\util\langhelpers.py", line 122, in __exit__
    raise exc_value.with_traceback(exc_tb)
  File "D:\CrewLab - Copy\backend\venv\Lib\site-packages\sqlalchemy\pool\base.py", line 896, in __connect
    self.dbapi_connection = connection = pool._invoke_creator(self)
                                         ^^^^^^^^^^^^^^^^^^^^^^^^^^
  File "D:\CrewLab - Copy\backend\venv\Lib\site-packages\sqlalchemy\engine\create.py", line 667, in connect
    return dialect.connect(*cargs_tup, **cparams)
           ^^^^^^^^^^^^^^^^^^^^^^^^^^^^^^^^^^^^^^
  File "D:\CrewLab - Copy\backend\venv\Lib\site-packages\sqlalchemy\engine\default.py", line 630, in connect
    return self.loaded_dbapi.connect(*cargs, **cparams)  # type: ignore[no-any-return]  # NOQA: E501
           ^^^^^^^^^^^^^^^^^^^^^^^^^^^^^^^^^^^^^^^^^^^^
  File "D:\CrewLab - Copy\backend\venv\Lib\site-packages\sqlalchemy\dialects\postgresql\asyncpg.py", line 955, in connect
    await_only(creator_fn(*arg, **kw)),
    ^^^^^^^^^^^^^^^^^^^^^^^^^^^^^^^^^^
  File "D:\CrewLab - Copy\backend\venv\Lib\site-packages\sqlalchemy\util\_concurrency_py3k.py", line 132, in await_only
    return current.parent.switch(awaitable)  # type: ignore[no-any-return,attr-defined] # noqa: E501
           ^^^^^^^^^^^^^^^^^^^^^^^^^^^^^^^^
  File "D:\CrewLab - Copy\backend\venv\Lib\site-packages\sqlalchemy\util\_concurrency_py3k.py", line 196, in greenlet_spawn
    value = await result
            ^^^^^^^^^^^^
  File "D:\CrewLab - Copy\backend\venv\Lib\site-packages\asyncpg\connection.py", line 2443, in connect
    return await connect_utils._connect(
           ^^^^^^^^^^^^^^^^^^^^^^^^^^^^^
  File "D:\CrewLab - Copy\backend\venv\Lib\site-packages\asyncpg\connect_utils.py", line 1249, in _connect
    raise last_error or exceptions.TargetServerAttributeNotMatched(
  File "D:\CrewLab - Copy\backend\venv\Lib\site-packages\asyncpg\connect_utils.py", line 1218, in _connect
    conn = await _connect_addr(
           ^^^^^^^^^^^^^^^^^^^^
  File "D:\CrewLab - Copy\backend\venv\Lib\site-packages\asyncpg\connect_utils.py", line 1054, in _connect_addr
    return await __connect_addr(params, True, *args)
           ^^^^^^^^^^^^^^^^^^^^^^^^^^^^^^^^^^^^^^^^^
  File "D:\CrewLab - Copy\backend\venv\Lib\site-packages\asyncpg\connect_utils.py", line 1099, in __connect_addr
    tr, pr = await connector
             ^^^^^^^^^^^^^^^
  File "D:\CrewLab - Copy\backend\venv\Lib\site-packages\asyncpg\connect_utils.py", line 969, in _create_ssl_connection
    tr, pr = await loop.create_connection(
             ^^^^^^^^^^^^^^^^^^^^^^^^^^^^^
  File "C:\Users\hi\AppData\Local\Programs\Python\Python312\Lib\asyncio\base_events.py", line 1083, in create_connection
    infos = await self._ensure_resolved(
            ^^^^^^^^^^^^^^^^^^^^^^^^^^^^
  File "C:\Users\hi\AppData\Local\Programs\Python\Python312\Lib\asyncio\base_events.py", line 1466, in _ensure_resolved
    return await loop.getaddrinfo(host, port, family=family, type=type,
           ^^^^^^^^^^^^^^^^^^^^^^^^^^^^^^^^^^^^^^^^^^^^^^^^^^^^^^^^^^^^
  File "C:\Users\hi\AppData\Local\Programs\Python\Python312\Lib\asyncio\base_events.py", line 905, in getaddrinfo
    return await self.run_in_executor(
           ^^^^^^^^^^^^^^^^^^^^^^^^^^^
  File "C:\Users\hi\AppData\Local\Programs\Python\Python312\Lib\concurrent\futures\thread.py", line 59, in run
    result = self.fn(*self.args, **self.kwargs)
             ^^^^^^^^^^^^^^^^^^^^^^^^^^^^^^^^^^
  File "C:\Users\hi\AppData\Local\Programs\Python\Python312\Lib\socket.py", line 978, in getaddrinfo
    for res in _socket.getaddrinfo(host, port, family, type, proto, flags):
               ^^^^^^^^^^^^^^^^^^^^^^^^^^^^^^^^^^^^^^^^^^^^^^^^^^^^^^^^^^^
socket.gaierror: [Errno 11001] getaddrinfo failed
[2026-08-04 17:07:29,078: INFO/MainProcess] Connected to redis://localhost:6379/0
[2026-08-04 17:07:29,090: INFO/MainProcess] mingle: searching for neighbors
[2026-08-04 17:07:30,149: INFO/MainProcess] mingle: all alone
[2026-08-04 17:07:30,224: INFO/MainProcess] celery@MT ready.
[2026-08-04 17:07:30,229: INFO/MainProcess] Task check_asset_request_expiry[ea479684-0f52-470d-a4e2-9d3be46c380c] received
[2026-08-04 17:07:34,400: ERROR/MainProcess] Task check_asset_request_expiry[ea479684-0f52-470d-a4e2-9d3be46c380c] raised unexpected: ConnectionRefusedError(22, 'The remote computer refused the network connection', None, 1225, None)
Traceback (most recent call last):
  File "D:\CrewLab - Copy\backend\venv\Lib\site-packages\celery\app\trace.py", line 585, in trace_task
    R = retval = fun(*args, **kwargs)
                 ^^^^^^^^^^^^^^^^^^^^
  File "D:\CrewLab - Copy\backend\venv\Lib\site-packages\celery\app\trace.py", line 858, in __protected_call__
    return self.run(*args, **kwargs)
           ^^^^^^^^^^^^^^^^^^^^^^^^^
  File "D:\CrewLab - Copy\backend\app\tasks\orchestrator_tasks.py", line 201, in check_asset_request_expiry
    run_async(_run())
  File "D:\CrewLab - Copy\backend\app\tasks\orchestrator_tasks.py", line 39, in run_async
    return loop.run_until_complete(coro)
           ^^^^^^^^^^^^^^^^^^^^^^^^^^^^^
  File "C:\Users\hi\AppData\Local\Programs\Python\Python312\Lib\asyncio\base_events.py", line 691, in run_until_complete
    return future.result()
           ^^^^^^^^^^^^^^^
  File "D:\CrewLab - Copy\backend\app\tasks\orchestrator_tasks.py", line 199, in _run
    await expire_asset_requests(session)
  File "D:\CrewLab - Copy\backend\app\tasks\orchestrator_tasks.py", line 145, in expire_asset_requests
    requests = (await session.execute(stmt)).scalars().all()
                ^^^^^^^^^^^^^^^^^^^^^^^^^^^
  File "D:\CrewLab - Copy\backend\venv\Lib\site-packages\sqlalchemy\ext\asyncio\session.py", line 448, in execute
    result = await greenlet_spawn(
             ^^^^^^^^^^^^^^^^^^^^^
  File "D:\CrewLab - Copy\backend\venv\Lib\site-packages\sqlalchemy\util\_concurrency_py3k.py", line 201, in greenlet_spawn
    result = context.throw(*sys.exc_info())
             ^^^^^^^^^^^^^^^^^^^^^^^^^^^^^^
  File "D:\CrewLab - Copy\backend\venv\Lib\site-packages\sqlalchemy\orm\session.py", line 2373, in execute
    return self._execute_internal(
           ^^^^^^^^^^^^^^^^^^^^^^^
  File "D:\CrewLab - Copy\backend\venv\Lib\site-packages\sqlalchemy\orm\session.py", line 2261, in _execute_internal
    conn = self._connection_for_bind(bind)
           ^^^^^^^^^^^^^^^^^^^^^^^^^^^^^^^
  File "D:\CrewLab - Copy\backend\venv\Lib\site-packages\sqlalchemy\orm\session.py", line 2113, in _connection_for_bind
    return trans._connection_for_bind(engine, execution_options)
           ^^^^^^^^^^^^^^^^^^^^^^^^^^^^^^^^^^^^^^^^^^^^^^^^^^^^^
  File "<string>", line 2, in _connection_for_bind
  File "D:\CrewLab - Copy\backend\venv\Lib\site-packages\sqlalchemy\orm\state_changes.py", line 137, in _go
    ret_value = fn(self, *arg, **kw)
                ^^^^^^^^^^^^^^^^^^^^
  File "D:\CrewLab - Copy\backend\venv\Lib\site-packages\sqlalchemy\orm\session.py", line 1191, in _connection_for_bind
    conn = bind.connect()
           ^^^^^^^^^^^^^^
  File "D:\CrewLab - Copy\backend\venv\Lib\site-packages\sqlalchemy\engine\base.py", line 3295, in connect
    return self._connection_cls(self)
           ^^^^^^^^^^^^^^^^^^^^^^^^^^
  File "D:\CrewLab - Copy\backend\venv\Lib\site-packages\sqlalchemy\engine\base.py", line 144, in __init__
    self._dbapi_connection = engine.raw_connection()
                             ^^^^^^^^^^^^^^^^^^^^^^^
  File "D:\CrewLab - Copy\backend\venv\Lib\site-packages\sqlalchemy\engine\base.py", line 3319, in raw_connection
    return self.pool.connect()
           ^^^^^^^^^^^^^^^^^^^
  File "D:\CrewLab - Copy\backend\venv\Lib\site-packages\sqlalchemy\pool\base.py", line 448, in connect
    return _ConnectionFairy._checkout(self)
           ^^^^^^^^^^^^^^^^^^^^^^^^^^^^^^^^
  File "D:\CrewLab - Copy\backend\venv\Lib\site-packages\sqlalchemy\pool\base.py", line 1272, in _checkout
    fairy = _ConnectionRecord.checkout(pool)
            ^^^^^^^^^^^^^^^^^^^^^^^^^^^^^^^^
  File "D:\CrewLab - Copy\backend\venv\Lib\site-packages\sqlalchemy\pool\base.py", line 712, in checkout
    rec = pool._do_get()
          ^^^^^^^^^^^^^^
  File "D:\CrewLab - Copy\backend\venv\Lib\site-packages\sqlalchemy\pool\impl.py", line 178, in _do_get
    with util.safe_reraise():
         ^^^^^^^^^^^^^^^^^^^
  File "D:\CrewLab - Copy\backend\venv\Lib\site-packages\sqlalchemy\util\langhelpers.py", line 122, in __exit__
    raise exc_value.with_traceback(exc_tb)
  File "D:\CrewLab - Copy\backend\venv\Lib\site-packages\sqlalchemy\pool\impl.py", line 176, in _do_get
    return self._create_connection()
           ^^^^^^^^^^^^^^^^^^^^^^^^^
  File "D:\CrewLab - Copy\backend\venv\Lib\site-packages\sqlalchemy\pool\base.py", line 389, in _create_connection
    return _ConnectionRecord(self)
           ^^^^^^^^^^^^^^^^^^^^^^^
  File "D:\CrewLab - Copy\backend\venv\Lib\site-packages\sqlalchemy\pool\base.py", line 674, in __init__
    self.__connect()
  File "D:\CrewLab - Copy\backend\venv\Lib\site-packages\sqlalchemy\pool\base.py", line 900, in __connect
    with util.safe_reraise():
         ^^^^^^^^^^^^^^^^^^^
  File "D:\CrewLab - Copy\backend\venv\Lib\site-packages\sqlalchemy\util\langhelpers.py", line 122, in __exit__
    raise exc_value.with_traceback(exc_tb)
  File "D:\CrewLab - Copy\backend\venv\Lib\site-packages\sqlalchemy\pool\base.py", line 896, in __connect
    self.dbapi_connection = connection = pool._invoke_creator(self)
                                         ^^^^^^^^^^^^^^^^^^^^^^^^^^
  File "D:\CrewLab - Copy\backend\venv\Lib\site-packages\sqlalchemy\engine\create.py", line 667, in connect
    return dialect.connect(*cargs_tup, **cparams)
           ^^^^^^^^^^^^^^^^^^^^^^^^^^^^^^^^^^^^^^
  File "D:\CrewLab - Copy\backend\venv\Lib\site-packages\sqlalchemy\engine\default.py", line 630, in connect
    return self.loaded_dbapi.connect(*cargs, **cparams)  # type: ignore[no-any-return]  # NOQA: E501
           ^^^^^^^^^^^^^^^^^^^^^^^^^^^^^^^^^^^^^^^^^^^^
  File "D:\CrewLab - Copy\backend\venv\Lib\site-packages\sqlalchemy\dialects\postgresql\asyncpg.py", line 955, in connect
    await_only(creator_fn(*arg, **kw)),
    ^^^^^^^^^^^^^^^^^^^^^^^^^^^^^^^^^^
  File "D:\CrewLab - Copy\backend\venv\Lib\site-packages\sqlalchemy\util\_concurrency_py3k.py", line 132, in await_only
    return current.parent.switch(awaitable)  # type: ignore[no-any-return,attr-defined] # noqa: E501
           ^^^^^^^^^^^^^^^^^^^^^^^^^^^^^^^^
  File "D:\CrewLab - Copy\backend\venv\Lib\site-packages\sqlalchemy\util\_concurrency_py3k.py", line 196, in greenlet_spawn
    value = await result
            ^^^^^^^^^^^^
  File "D:\CrewLab - Copy\backend\venv\Lib\site-packages\asyncpg\connection.py", line 2443, in connect
    return await connect_utils._connect(
           ^^^^^^^^^^^^^^^^^^^^^^^^^^^^^
  File "D:\CrewLab - Copy\backend\venv\Lib\site-packages\asyncpg\connect_utils.py", line 1249, in _connect
    raise last_error or exceptions.TargetServerAttributeNotMatched(
  File "D:\CrewLab - Copy\backend\venv\Lib\site-packages\asyncpg\connect_utils.py", line 1218, in _connect
    conn = await _connect_addr(
           ^^^^^^^^^^^^^^^^^^^^
  File "D:\CrewLab - Copy\backend\venv\Lib\site-packages\asyncpg\connect_utils.py", line 1054, in _connect_addr
    return await __connect_addr(params, True, *args)
           ^^^^^^^^^^^^^^^^^^^^^^^^^^^^^^^^^^^^^^^^^
  File "D:\CrewLab - Copy\backend\venv\Lib\site-packages\asyncpg\connect_utils.py", line 1099, in __connect_addr
    tr, pr = await connector
             ^^^^^^^^^^^^^^^
  File "D:\CrewLab - Copy\backend\venv\Lib\site-packages\asyncpg\connect_utils.py", line 969, in _create_ssl_connection
    tr, pr = await loop.create_connection(
             ^^^^^^^^^^^^^^^^^^^^^^^^^^^^^
  File "C:\Users\hi\AppData\Local\Programs\Python\Python312\Lib\asyncio\base_events.py", line 1137, in create_connection
    raise exceptions[0]
  File "C:\Users\hi\AppData\Local\Programs\Python\Python312\Lib\asyncio\base_events.py", line 1107, in create_connection
    sock = await self._connect_sock(
           ^^^^^^^^^^^^^^^^^^^^^^^^^
  File "C:\Users\hi\AppData\Local\Programs\Python\Python312\Lib\asyncio\base_events.py", line 1010, in _connect_sock
    await self.sock_connect(sock, address)
  File "C:\Users\hi\AppData\Local\Programs\Python\Python312\Lib\asyncio\proactor_events.py", line 729, in sock_connect
    return await self._proactor.connect(sock, address)
           ^^^^^^^^^^^^^^^^^^^^^^^^^^^^^^^^^^^^^^^^^^^
  File "C:\Users\hi\AppData\Local\Programs\Python\Python312\Lib\asyncio\windows_events.py", line 803, in _poll
    value = callback(transferred, key, ov)
            ^^^^^^^^^^^^^^^^^^^^^^^^^^^^^^
  File "C:\Users\hi\AppData\Local\Programs\Python\Python312\Lib\asyncio\windows_events.py", line 599, in finish_connect
    ov.getresult()
ConnectionRefusedError: [WinError 1225] The remote computer refused the network connection
[2026-08-04 17:07:34,407: INFO/MainProcess] Task check_scheduled_cycles[2f3de72c-59d9-4f00-88f8-78cc556abccf] received
[2026-08-04 17:07:38,507: ERROR/MainProcess] Task check_scheduled_cycles[2f3de72c-59d9-4f00-88f8-78cc556abccf] raised unexpected: ConnectionRefusedError(22, 'The remote computer refused the network connection', None, 1225, None)
Traceback (most recent call last):
  File "D:\CrewLab - Copy\backend\venv\Lib\site-packages\celery\app\trace.py", line 585, in trace_task
    R = retval = fun(*args, **kwargs)
                 ^^^^^^^^^^^^^^^^^^^^
  File "D:\CrewLab - Copy\backend\venv\Lib\site-packages\celery\app\trace.py", line 858, in __protected_call__
    return self.run(*args, **kwargs)
           ^^^^^^^^^^^^^^^^^^^^^^^^^
  File "D:\CrewLab - Copy\backend\app\tasks\orchestrator_tasks.py", line 131, in check_scheduled_cycles
    run_async(_run())
  File "D:\CrewLab - Copy\backend\app\tasks\orchestrator_tasks.py", line 39, in run_async
    return loop.run_until_complete(coro)
           ^^^^^^^^^^^^^^^^^^^^^^^^^^^^^
  File "C:\Users\hi\AppData\Local\Programs\Python\Python312\Lib\asyncio\base_events.py", line 691, in run_until_complete
    return future.result()
           ^^^^^^^^^^^^^^^
  File "D:\CrewLab - Copy\backend\app\tasks\orchestrator_tasks.py", line 118, in _run
    result = await session.execute(stmt)
             ^^^^^^^^^^^^^^^^^^^^^^^^^^^
  File "D:\CrewLab - Copy\backend\venv\Lib\site-packages\sqlalchemy\ext\asyncio\session.py", line 448, in execute
    result = await greenlet_spawn(
             ^^^^^^^^^^^^^^^^^^^^^
  File "D:\CrewLab - Copy\backend\venv\Lib\site-packages\sqlalchemy\util\_concurrency_py3k.py", line 201, in greenlet_spawn
    result = context.throw(*sys.exc_info())
             ^^^^^^^^^^^^^^^^^^^^^^^^^^^^^^
  File "D:\CrewLab - Copy\backend\venv\Lib\site-packages\sqlalchemy\orm\session.py", line 2373, in execute
    return self._execute_internal(
           ^^^^^^^^^^^^^^^^^^^^^^^
  File "D:\CrewLab - Copy\backend\venv\Lib\site-packages\sqlalchemy\orm\session.py", line 2261, in _execute_internal
    conn = self._connection_for_bind(bind)
           ^^^^^^^^^^^^^^^^^^^^^^^^^^^^^^^
  File "D:\CrewLab - Copy\backend\venv\Lib\site-packages\sqlalchemy\orm\session.py", line 2113, in _connection_for_bind
    return trans._connection_for_bind(engine, execution_options)
           ^^^^^^^^^^^^^^^^^^^^^^^^^^^^^^^^^^^^^^^^^^^^^^^^^^^^^
  File "<string>", line 2, in _connection_for_bind
  File "D:\CrewLab - Copy\backend\venv\Lib\site-packages\sqlalchemy\orm\state_changes.py", line 137, in _go
    ret_value = fn(self, *arg, **kw)
                ^^^^^^^^^^^^^^^^^^^^
  File "D:\CrewLab - Copy\backend\venv\Lib\site-packages\sqlalchemy\orm\session.py", line 1191, in _connection_for_bind
    conn = bind.connect()
           ^^^^^^^^^^^^^^
  File "D:\CrewLab - Copy\backend\venv\Lib\site-packages\sqlalchemy\engine\base.py", line 3295, in connect
    return self._connection_cls(self)
           ^^^^^^^^^^^^^^^^^^^^^^^^^^
  File "D:\CrewLab - Copy\backend\venv\Lib\site-packages\sqlalchemy\engine\base.py", line 144, in __init__
    self._dbapi_connection = engine.raw_connection()
                             ^^^^^^^^^^^^^^^^^^^^^^^
  File "D:\CrewLab - Copy\backend\venv\Lib\site-packages\sqlalchemy\engine\base.py", line 3319, in raw_connection
    return self.pool.connect()
           ^^^^^^^^^^^^^^^^^^^
  File "D:\CrewLab - Copy\backend\venv\Lib\site-packages\sqlalchemy\pool\base.py", line 448, in connect
    return _ConnectionFairy._checkout(self)
           ^^^^^^^^^^^^^^^^^^^^^^^^^^^^^^^^
  File "D:\CrewLab - Copy\backend\venv\Lib\site-packages\sqlalchemy\pool\base.py", line 1272, in _checkout
    fairy = _ConnectionRecord.checkout(pool)
            ^^^^^^^^^^^^^^^^^^^^^^^^^^^^^^^^
  File "D:\CrewLab - Copy\backend\venv\Lib\site-packages\sqlalchemy\pool\base.py", line 712, in checkout
    rec = pool._do_get()
          ^^^^^^^^^^^^^^
  File "D:\CrewLab - Copy\backend\venv\Lib\site-packages\sqlalchemy\pool\impl.py", line 178, in _do_get
    with util.safe_reraise():
         ^^^^^^^^^^^^^^^^^^^
  File "D:\CrewLab - Copy\backend\venv\Lib\site-packages\sqlalchemy\util\langhelpers.py", line 122, in __exit__
    raise exc_value.with_traceback(exc_tb)
  File "D:\CrewLab - Copy\backend\venv\Lib\site-packages\sqlalchemy\pool\impl.py", line 176, in _do_get
    return self._create_connection()
           ^^^^^^^^^^^^^^^^^^^^^^^^^
  File "D:\CrewLab - Copy\backend\venv\Lib\site-packages\sqlalchemy\pool\base.py", line 389, in _create_connection
    return _ConnectionRecord(self)
           ^^^^^^^^^^^^^^^^^^^^^^^
  File "D:\CrewLab - Copy\backend\venv\Lib\site-packages\sqlalchemy\pool\base.py", line 674, in __init__
    self.__connect()
  File "D:\CrewLab - Copy\backend\venv\Lib\site-packages\sqlalchemy\pool\base.py", line 900, in __connect
    with util.safe_reraise():
         ^^^^^^^^^^^^^^^^^^^
  File "D:\CrewLab - Copy\backend\venv\Lib\site-packages\sqlalchemy\util\langhelpers.py", line 122, in __exit__
    raise exc_value.with_traceback(exc_tb)
  File "D:\CrewLab - Copy\backend\venv\Lib\site-packages\sqlalchemy\pool\base.py", line 896, in __connect
    self.dbapi_connection = connection = pool._invoke_creator(self)
                                         ^^^^^^^^^^^^^^^^^^^^^^^^^^
  File "D:\CrewLab - Copy\backend\venv\Lib\site-packages\sqlalchemy\engine\create.py", line 667, in connect
    return dialect.connect(*cargs_tup, **cparams)
           ^^^^^^^^^^^^^^^^^^^^^^^^^^^^^^^^^^^^^^
  File "D:\CrewLab - Copy\backend\venv\Lib\site-packages\sqlalchemy\engine\default.py", line 630, in connect
    return self.loaded_dbapi.connect(*cargs, **cparams)  # type: ignore[no-any-return]  # NOQA: E501
           ^^^^^^^^^^^^^^^^^^^^^^^^^^^^^^^^^^^^^^^^^^^^
  File "D:\CrewLab - Copy\backend\venv\Lib\site-packages\sqlalchemy\dialects\postgresql\asyncpg.py", line 955, in connect
    await_only(creator_fn(*arg, **kw)),
    ^^^^^^^^^^^^^^^^^^^^^^^^^^^^^^^^^^
  File "D:\CrewLab - Copy\backend\venv\Lib\site-packages\sqlalchemy\util\_concurrency_py3k.py", line 132, in await_only
    return current.parent.switch(awaitable)  # type: ignore[no-any-return,attr-defined] # noqa: E501
           ^^^^^^^^^^^^^^^^^^^^^^^^^^^^^^^^
  File "D:\CrewLab - Copy\backend\venv\Lib\site-packages\sqlalchemy\util\_concurrency_py3k.py", line 196, in greenlet_spawn
    value = await result
            ^^^^^^^^^^^^
  File "D:\CrewLab - Copy\backend\venv\Lib\site-packages\asyncpg\connection.py", line 2443, in connect
    return await connect_utils._connect(
           ^^^^^^^^^^^^^^^^^^^^^^^^^^^^^
  File "D:\CrewLab - Copy\backend\venv\Lib\site-packages\asyncpg\connect_utils.py", line 1249, in _connect
    raise last_error or exceptions.TargetServerAttributeNotMatched(
  File "D:\CrewLab - Copy\backend\venv\Lib\site-packages\asyncpg\connect_utils.py", line 1218, in _connect
    conn = await _connect_addr(
           ^^^^^^^^^^^^^^^^^^^^
  File "D:\CrewLab - Copy\backend\venv\Lib\site-packages\asyncpg\connect_utils.py", line 1054, in _connect_addr
    return await __connect_addr(params, True, *args)
           ^^^^^^^^^^^^^^^^^^^^^^^^^^^^^^^^^^^^^^^^^
  File "D:\CrewLab - Copy\backend\venv\Lib\site-packages\asyncpg\connect_utils.py", line 1099, in __connect_addr
    tr, pr = await connector
             ^^^^^^^^^^^^^^^
  File "D:\CrewLab - Copy\backend\venv\Lib\site-packages\asyncpg\connect_utils.py", line 969, in _create_ssl_connection
    tr, pr = await loop.create_connection(
             ^^^^^^^^^^^^^^^^^^^^^^^^^^^^^
  File "C:\Users\hi\AppData\Local\Programs\Python\Python312\Lib\asyncio\base_events.py", line 1137, in create_connection
    raise exceptions[0]
  File "C:\Users\hi\AppData\Local\Programs\Python\Python312\Lib\asyncio\base_events.py", line 1107, in create_connection
    sock = await self._connect_sock(
           ^^^^^^^^^^^^^^^^^^^^^^^^^
  File "C:\Users\hi\AppData\Local\Programs\Python\Python312\Lib\asyncio\base_events.py", line 1010, in _connect_sock
    await self.sock_connect(sock, address)
  File "C:\Users\hi\AppData\Local\Programs\Python\Python312\Lib\asyncio\proactor_events.py", line 729, in sock_connect
    return await self._proactor.connect(sock, address)
           ^^^^^^^^^^^^^^^^^^^^^^^^^^^^^^^^^^^^^^^^^^^
  File "C:\Users\hi\AppData\Local\Programs\Python\Python312\Lib\asyncio\windows_events.py", line 803, in _poll
    value = callback(transferred, key, ov)
            ^^^^^^^^^^^^^^^^^^^^^^^^^^^^^^
  File "C:\Users\hi\AppData\Local\Programs\Python\Python312\Lib\asyncio\windows_events.py", line 599, in finish_connect
    ov.getresult()
ConnectionRefusedError: [WinError 1225] The remote computer refused the network connection
[2026-08-04 17:11:21,202: INFO/MainProcess] Task check_scheduled_cycles[2b5355b2-b686-485c-847a-7488333be269] received
[2026-08-04 17:11:25,247: ERROR/MainProcess] Task check_scheduled_cycles[2b5355b2-b686-485c-847a-7488333be269] raised unexpected: ConnectionRefusedError(22, 'The remote computer refused the network connection', None, 1225, None)
Traceback (most recent call last):
  File "D:\CrewLab - Copy\backend\venv\Lib\site-packages\celery\app\trace.py", line 585, in trace_task
    R = retval = fun(*args, **kwargs)
                 ^^^^^^^^^^^^^^^^^^^^
  File "D:\CrewLab - Copy\backend\venv\Lib\site-packages\celery\app\trace.py", line 858, in __protected_call__
    return self.run(*args, **kwargs)
           ^^^^^^^^^^^^^^^^^^^^^^^^^
  File "D:\CrewLab - Copy\backend\app\tasks\orchestrator_tasks.py", line 131, in check_scheduled_cycles
    run_async(_run())
  File "D:\CrewLab - Copy\backend\app\tasks\orchestrator_tasks.py", line 39, in run_async
    return loop.run_until_complete(coro)
           ^^^^^^^^^^^^^^^^^^^^^^^^^^^^^
  File "C:\Users\hi\AppData\Local\Programs\Python\Python312\Lib\asyncio\base_events.py", line 691, in run_until_complete
    return future.result()
           ^^^^^^^^^^^^^^^
  File "D:\CrewLab - Copy\backend\app\tasks\orchestrator_tasks.py", line 118, in _run
    result = await session.execute(stmt)
             ^^^^^^^^^^^^^^^^^^^^^^^^^^^
  File "D:\CrewLab - Copy\backend\venv\Lib\site-packages\sqlalchemy\ext\asyncio\session.py", line 448, in execute
    result = await greenlet_spawn(
             ^^^^^^^^^^^^^^^^^^^^^
  File "D:\CrewLab - Copy\backend\venv\Lib\site-packages\sqlalchemy\util\_concurrency_py3k.py", line 201, in greenlet_spawn
    result = context.throw(*sys.exc_info())
             ^^^^^^^^^^^^^^^^^^^^^^^^^^^^^^
  File "D:\CrewLab - Copy\backend\venv\Lib\site-packages\sqlalchemy\orm\session.py", line 2373, in execute
    return self._execute_internal(
           ^^^^^^^^^^^^^^^^^^^^^^^
  File "D:\CrewLab - Copy\backend\venv\Lib\site-packages\sqlalchemy\orm\session.py", line 2261, in _execute_internal
    conn = self._connection_for_bind(bind)
           ^^^^^^^^^^^^^^^^^^^^^^^^^^^^^^^
  File "D:\CrewLab - Copy\backend\venv\Lib\site-packages\sqlalchemy\orm\session.py", line 2113, in _connection_for_bind
    return trans._connection_for_bind(engine, execution_options)
           ^^^^^^^^^^^^^^^^^^^^^^^^^^^^^^^^^^^^^^^^^^^^^^^^^^^^^
  File "<string>", line 2, in _connection_for_bind
  File "D:\CrewLab - Copy\backend\venv\Lib\site-packages\sqlalchemy\orm\state_changes.py", line 137, in _go
    ret_value = fn(self, *arg, **kw)
                ^^^^^^^^^^^^^^^^^^^^
  File "D:\CrewLab - Copy\backend\venv\Lib\site-packages\sqlalchemy\orm\session.py", line 1191, in _connection_for_bind
    conn = bind.connect()
           ^^^^^^^^^^^^^^
  File "D:\CrewLab - Copy\backend\venv\Lib\site-packages\sqlalchemy\engine\base.py", line 3295, in connect
    return self._connection_cls(self)
           ^^^^^^^^^^^^^^^^^^^^^^^^^^
  File "D:\CrewLab - Copy\backend\venv\Lib\site-packages\sqlalchemy\engine\base.py", line 144, in __init__
    self._dbapi_connection = engine.raw_connection()
                             ^^^^^^^^^^^^^^^^^^^^^^^
  File "D:\CrewLab - Copy\backend\venv\Lib\site-packages\sqlalchemy\engine\base.py", line 3319, in raw_connection
    return self.pool.connect()
           ^^^^^^^^^^^^^^^^^^^
  File "D:\CrewLab - Copy\backend\venv\Lib\site-packages\sqlalchemy\pool\base.py", line 448, in connect
    return _ConnectionFairy._checkout(self)
           ^^^^^^^^^^^^^^^^^^^^^^^^^^^^^^^^
  File "D:\CrewLab - Copy\backend\venv\Lib\site-packages\sqlalchemy\pool\base.py", line 1272, in _checkout
    fairy = _ConnectionRecord.checkout(pool)
            ^^^^^^^^^^^^^^^^^^^^^^^^^^^^^^^^
  File "D:\CrewLab - Copy\backend\venv\Lib\site-packages\sqlalchemy\pool\base.py", line 712, in checkout
    rec = pool._do_get()
          ^^^^^^^^^^^^^^
  File "D:\CrewLab - Copy\backend\venv\Lib\site-packages\sqlalchemy\pool\impl.py", line 178, in _do_get
    with util.safe_reraise():
         ^^^^^^^^^^^^^^^^^^^
  File "D:\CrewLab - Copy\backend\venv\Lib\site-packages\sqlalchemy\util\langhelpers.py", line 122, in __exit__
    raise exc_value.with_traceback(exc_tb)
  File "D:\CrewLab - Copy\backend\venv\Lib\site-packages\sqlalchemy\pool\impl.py", line 176, in _do_get
    return self._create_connection()
           ^^^^^^^^^^^^^^^^^^^^^^^^^
  File "D:\CrewLab - Copy\backend\venv\Lib\site-packages\sqlalchemy\pool\base.py", line 389, in _create_connection
    return _ConnectionRecord(self)
           ^^^^^^^^^^^^^^^^^^^^^^^
  File "D:\CrewLab - Copy\backend\venv\Lib\site-packages\sqlalchemy\pool\base.py", line 674, in __init__
    self.__connect()
  File "D:\CrewLab - Copy\backend\venv\Lib\site-packages\sqlalchemy\pool\base.py", line 900, in __connect
    with util.safe_reraise():
         ^^^^^^^^^^^^^^^^^^^
  File "D:\CrewLab - Copy\backend\venv\Lib\site-packages\sqlalchemy\util\langhelpers.py", line 122, in __exit__
    raise exc_value.with_traceback(exc_tb)
  File "D:\CrewLab - Copy\backend\venv\Lib\site-packages\sqlalchemy\pool\base.py", line 896, in __connect
    self.dbapi_connection = connection = pool._invoke_creator(self)
                                         ^^^^^^^^^^^^^^^^^^^^^^^^^^
  File "D:\CrewLab - Copy\backend\venv\Lib\site-packages\sqlalchemy\engine\create.py", line 667, in connect
    return dialect.connect(*cargs_tup, **cparams)
           ^^^^^^^^^^^^^^^^^^^^^^^^^^^^^^^^^^^^^^
  File "D:\CrewLab - Copy\backend\venv\Lib\site-packages\sqlalchemy\engine\default.py", line 630, in connect
    return self.loaded_dbapi.connect(*cargs, **cparams)  # type: ignore[no-any-return]  # NOQA: E501
           ^^^^^^^^^^^^^^^^^^^^^^^^^^^^^^^^^^^^^^^^^^^^
  File "D:\CrewLab - Copy\backend\venv\Lib\site-packages\sqlalchemy\dialects\postgresql\asyncpg.py", line 955, in connect
    await_only(creator_fn(*arg, **kw)),
    ^^^^^^^^^^^^^^^^^^^^^^^^^^^^^^^^^^
  File "D:\CrewLab - Copy\backend\venv\Lib\site-packages\sqlalchemy\util\_concurrency_py3k.py", line 132, in await_only
    return current.parent.switch(awaitable)  # type: ignore[no-any-return,attr-defined] # noqa: E501
           ^^^^^^^^^^^^^^^^^^^^^^^^^^^^^^^^
  File "D:\CrewLab - Copy\backend\venv\Lib\site-packages\sqlalchemy\util\_concurrency_py3k.py", line 196, in greenlet_spawn
    value = await result
            ^^^^^^^^^^^^
  File "D:\CrewLab - Copy\backend\venv\Lib\site-packages\asyncpg\connection.py", line 2443, in connect
    return await connect_utils._connect(
           ^^^^^^^^^^^^^^^^^^^^^^^^^^^^^
  File "D:\CrewLab - Copy\backend\venv\Lib\site-packages\asyncpg\connect_utils.py", line 1249, in _connect
    raise last_error or exceptions.TargetServerAttributeNotMatched(
  File "D:\CrewLab - Copy\backend\venv\Lib\site-packages\asyncpg\connect_utils.py", line 1218, in _connect
    conn = await _connect_addr(
           ^^^^^^^^^^^^^^^^^^^^
  File "D:\CrewLab - Copy\backend\venv\Lib\site-packages\asyncpg\connect_utils.py", line 1054, in _connect_addr
    return await __connect_addr(params, True, *args)
           ^^^^^^^^^^^^^^^^^^^^^^^^^^^^^^^^^^^^^^^^^
  File "D:\CrewLab - Copy\backend\venv\Lib\site-packages\asyncpg\connect_utils.py", line 1099, in __connect_addr
    tr, pr = await connector
             ^^^^^^^^^^^^^^^
  File "D:\CrewLab - Copy\backend\venv\Lib\site-packages\asyncpg\connect_utils.py", line 969, in _create_ssl_connection
    tr, pr = await loop.create_connection(
             ^^^^^^^^^^^^^^^^^^^^^^^^^^^^^
  File "C:\Users\hi\AppData\Local\Programs\Python\Python312\Lib\asyncio\base_events.py", line 1137, in create_connection
    raise exceptions[0]
  File "C:\Users\hi\AppData\Local\Programs\Python\Python312\Lib\asyncio\base_events.py", line 1107, in create_connection
    sock = await self._connect_sock(
           ^^^^^^^^^^^^^^^^^^^^^^^^^
  File "C:\Users\hi\AppData\Local\Programs\Python\Python312\Lib\asyncio\base_events.py", line 1010, in _connect_sock
    await self.sock_connect(sock, address)
  File "C:\Users\hi\AppData\Local\Programs\Python\Python312\Lib\asyncio\proactor_events.py", line 729, in sock_connect
    return await self._proactor.connect(sock, address)
           ^^^^^^^^^^^^^^^^^^^^^^^^^^^^^^^^^^^^^^^^^^^
  File "C:\Users\hi\AppData\Local\Programs\Python\Python312\Lib\asyncio\windows_events.py", line 803, in _poll
    value = callback(transferred, key, ov)
            ^^^^^^^^^^^^^^^^^^^^^^^^^^^^^^
  File "C:\Users\hi\AppData\Local\Programs\Python\Python312\Lib\asyncio\windows_events.py", line 599, in finish_connect
    ov.getresult()
ConnectionRefusedError: [WinError 1225] The remote computer refused the network connection
[2026-08-04 17:11:25,251: INFO/MainProcess] sync with crewlab-local@MT
[2026-08-04 17:12:12,771: WARNING/MainProcess] Got shutdown from remote
